-- phpMyAdmin SQL Dump
-- version 5.2.0
-- https://www.phpmyadmin.net/
--
-- Host: 127.0.0.1:3344
-- Creato il: Gen 01, 2023 alle 18:22
-- Versione del server: 10.4.27-MariaDB
-- Versione PHP: 8.1.12

SET SQL_MODE = "NO_AUTO_VALUE_ON_ZERO";
START TRANSACTION;
SET time_zone = "+00:00";


/*!40101 SET @OLD_CHARACTER_SET_CLIENT=@@CHARACTER_SET_CLIENT */;
/*!40101 SET @OLD_CHARACTER_SET_RESULTS=@@CHARACTER_SET_RESULTS */;
/*!40101 SET @OLD_COLLATION_CONNECTION=@@COLLATION_CONNECTION */;
/*!40101 SET NAMES utf8mb4 */;

--
-- Database: `azienda_pa`
--

-- --------------------------------------------------------

--
-- Struttura della tabella `bustapaga`
--

CREATE TABLE `bustapaga` (
  `ref_impiegato` int(11) NOT NULL,
  `mese_competenza` int(11) NOT NULL,
  `anno_competenza` int(11) NOT NULL,
  `stipendioBase` int(11) DEFAULT NULL,
  `ore_servizio_1` int(11) DEFAULT NULL,
  `ore_servizio_2` int(11) DEFAULT NULL,
  `ore_servizio_3` int(11) DEFAULT NULL,
  `ore_servizio_4` int(11) DEFAULT NULL,
  `ore_straordinario` int(11) DEFAULT NULL,
  `num_ritardi` int(11) DEFAULT NULL,
  `num_assenze` int(11) DEFAULT NULL,
  `importoTotale` int(11) DEFAULT NULL,
  `isPagato` tinyint(1) DEFAULT NULL
) ENGINE=InnoDB DEFAULT CHARSET=utf8mb4 COLLATE=utf8mb4_general_ci;

--
-- Dump dei dati per la tabella `bustapaga`
--

INSERT INTO `bustapaga` (`ref_impiegato`, `mese_competenza`, `anno_competenza`, `stipendioBase`, `ore_servizio_1`, `ore_servizio_2`, `ore_servizio_3`, `ore_servizio_4`, `ore_straordinario`, `num_ritardi`, `num_assenze`, `importoTotale`, `isPagato`) VALUES
(7, 1, 2023, 1400, 152, 16, 0, 0, 16, 0, 0, 2064, 1),
(7, 2, 2023, 1400, 0, 0, 0, 0, 0, 0, 0, 1400, 0),
(7, 3, 2023, 1400, 0, 0, 0, 0, 0, 0, 0, 1400, 0),
(8, 1, 2023, 1400, 152, 0, 0, 0, 0, 1, 1, 1936, 1),
(8, 2, 2023, 1400, 0, 0, 0, 0, 0, 0, 0, 1400, 0),
(8, 3, 2023, 1400, 0, 0, 0, 0, 0, 0, 0, 1400, 0),
(9, 1, 2023, 1400, 152, 16, 0, 0, 16, 1, 1, 2064, 1),
(9, 2, 2023, 1400, 0, 0, 0, 0, 0, 0, 0, 1400, 0),
(9, 3, 2023, 1400, 0, 0, 0, 0, 0, 0, 0, 1400, 0),
(10, 1, 2023, 1400, 152, 8, 0, 0, 8, 0, 0, 2000, 1),
(10, 2, 2023, 1400, 0, 0, 0, 0, 0, 0, 0, 1400, 0),
(10, 3, 2023, 1400, 0, 0, 0, 0, 0, 0, 0, 1400, 0),
(11, 1, 2023, 1400, 152, 8, 0, 0, 8, 0, 0, 2000, 1),
(11, 2, 2023, 1400, 0, 0, 0, 0, 0, 0, 0, 1400, 0),
(11, 3, 2023, 1400, 0, 0, 0, 0, 0, 0, 0, 1400, 0),
(12, 1, 2023, 1300, 152, 0, 0, 0, 0, 0, 0, 1836, 1),
(12, 2, 2023, 1300, 0, 0, 0, 0, 0, 0, 0, 1300, 0),
(12, 3, 2023, 1300, 0, 0, 0, 0, 0, 0, 0, 1300, 0),
(13, 1, 2023, 1300, 144, 0, 0, 0, 0, 0, 0, 1812, 1),
(13, 2, 2023, 1300, 0, 0, 0, 0, 0, 0, 0, 1300, 0),
(13, 3, 2023, 1300, 0, 0, 0, 0, 0, 0, 0, 1300, 0),
(14, 1, 2023, 1300, 144, 0, 0, 0, 0, 0, 0, 1812, 1),
(14, 2, 2023, 1300, 0, 0, 0, 0, 0, 0, 0, 1300, 0),
(14, 3, 2023, 1300, 0, 0, 0, 0, 0, 0, 0, 1300, 0),
(15, 1, 2023, 1300, 144, 0, 0, 0, 0, 0, 0, 1812, 1),
(15, 2, 2023, 1300, 0, 0, 0, 0, 0, 0, 0, 1300, 0),
(15, 3, 2023, 1300, 0, 0, 0, 0, 0, 0, 0, 1300, 0),
(16, 1, 2023, 1300, 144, 0, 0, 0, 0, 0, 0, 1812, 1),
(16, 2, 2023, 1300, 0, 0, 0, 0, 0, 0, 0, 1300, 0),
(16, 3, 2023, 1300, 0, 0, 0, 0, 0, 0, 0, 1300, 0),
(17, 1, 2023, 1200, 0, 152, 0, 0, 0, 1, 1, 1716, 1),
(17, 2, 2023, 1200, 0, 0, 0, 0, 0, 0, 0, 1200, 0),
(17, 3, 2023, 1200, 0, 0, 0, 0, 0, 0, 0, 1200, 0),
(18, 1, 2023, 1200, 0, 152, 0, 0, 0, 0, 0, 1716, 1),
(18, 2, 2023, 1200, 0, 0, 0, 0, 0, 0, 0, 1200, 0),
(18, 3, 2023, 1200, 0, 0, 0, 0, 0, 0, 0, 1200, 0),
(19, 1, 2023, 1200, 0, 152, 0, 0, 0, 0, 0, 1716, 1),
(19, 2, 2023, 1200, 0, 0, 0, 0, 0, 0, 0, 1200, 0),
(19, 3, 2023, 1200, 0, 0, 0, 0, 0, 0, 0, 1200, 0),
(20, 1, 2023, 1200, 0, 112, 0, 0, 0, 0, 0, 1581, 1),
(20, 2, 2023, 1200, 0, 0, 0, 0, 0, 0, 0, 1200, 0),
(20, 3, 2023, 1200, 0, 0, 0, 0, 0, 0, 0, 1200, 0),
(21, 1, 2023, 1200, 0, 128, 0, 0, 0, 0, 0, 1629, 1),
(21, 2, 2023, 1200, 0, 0, 0, 0, 0, 0, 0, 1200, 0),
(21, 3, 2023, 1200, 0, 0, 0, 0, 0, 0, 0, 1200, 0),
(22, 1, 2023, 1100, 0, 0, 152, 0, 0, 1, 0, 1596, 1),
(22, 2, 2023, 1100, 0, 0, 0, 0, 0, 0, 0, 1100, 0),
(22, 3, 2023, 1100, 0, 0, 0, 0, 0, 0, 0, 1100, 0),
(23, 1, 2023, 1100, 0, 0, 152, 0, 0, 1, 0, 1596, 1),
(23, 2, 2023, 1100, 0, 0, 0, 0, 0, 0, 0, 1100, 0),
(23, 3, 2023, 1100, 0, 0, 0, 0, 0, 0, 0, 1100, 0),
(24, 1, 2023, 1100, 0, 0, 152, 0, 0, 0, 0, 1596, 1),
(24, 2, 2023, 1100, 0, 0, 0, 0, 0, 0, 0, 1100, 0),
(24, 3, 2023, 1100, 0, 0, 0, 0, 0, 0, 0, 1100, 0),
(25, 1, 2023, 1100, 0, 0, 144, 0, 0, 0, 0, 1572, 1),
(25, 2, 2023, 1100, 0, 0, 0, 0, 0, 0, 0, 1100, 0),
(25, 3, 2023, 1100, 0, 0, 0, 0, 0, 0, 0, 1100, 0),
(26, 1, 2023, 1100, 0, 0, 144, 0, 0, 0, 0, 1572, 1),
(26, 2, 2023, 1100, 0, 0, 0, 0, 0, 0, 0, 1100, 0),
(26, 3, 2023, 1100, 0, 0, 0, 0, 0, 0, 0, 1100, 0),
(27, 1, 2023, 1000, 0, 0, 0, 152, 0, 0, 0, 1476, 1),
(27, 2, 2023, 1000, 0, 0, 0, 0, 0, 0, 0, 1000, 0),
(27, 3, 2023, 1000, 0, 0, 0, 0, 0, 0, 0, 1000, 0),
(28, 1, 2023, 1000, 0, 0, 0, 152, 0, 0, 0, 1476, 1),
(28, 2, 2023, 1000, 0, 0, 0, 0, 0, 0, 0, 1000, 0),
(28, 3, 2023, 1000, 0, 0, 0, 0, 0, 0, 0, 1000, 0),
(29, 1, 2023, 1000, 0, 0, 0, 152, 0, 0, 0, 1476, 1),
(29, 2, 2023, 1000, 0, 0, 0, 0, 0, 0, 0, 1000, 0),
(29, 3, 2023, 1000, 0, 0, 0, 0, 0, 0, 0, 1000, 0),
(30, 1, 2023, 1000, 0, 0, 0, 144, 0, 0, 0, 1452, 1),
(30, 2, 2023, 1000, 0, 0, 0, 0, 0, 0, 0, 1000, 0),
(30, 3, 2023, 1000, 0, 0, 0, 0, 0, 0, 0, 1000, 0),
(31, 1, 2023, 1000, 0, 0, 0, 144, 0, 0, 0, 1452, 1),
(31, 2, 2023, 1000, 0, 0, 0, 0, 0, 0, 0, 1000, 0),
(31, 3, 2023, 1000, 0, 0, 0, 0, 0, 0, 0, 1000, 0);

-- --------------------------------------------------------

--
-- Struttura della tabella `indisponibilita`
--

CREATE TABLE `indisponibilita` (
  `ref_imp` int(11) NOT NULL,
  `dataIndisp` date NOT NULL
) ENGINE=InnoDB DEFAULT CHARSET=utf8mb4 COLLATE=utf8mb4_general_ci;

--
-- Dump dei dati per la tabella `indisponibilita`
--

INSERT INTO `indisponibilita` (`ref_imp`, `dataIndisp`) VALUES
(10, '2023-01-02'),
(10, '2023-01-03'),
(10, '2023-01-04'),
(20, '2023-01-02'),
(20, '2023-01-03'),
(20, '2023-01-04'),
(20, '2023-01-15'),
(20, '2023-01-16'),
(20, '2023-01-17'),
(21, '2023-01-02'),
(21, '2023-01-03'),
(21, '2023-01-04');

-- --------------------------------------------------------

--
-- Struttura della tabella `notifica`
--

CREATE TABLE `notifica` (
  `id_notifica` int(11) NOT NULL,
  `tipologia` varchar(30) NOT NULL
) ENGINE=InnoDB DEFAULT CHARSET=utf8mb4 COLLATE=utf8mb4_general_ci;

--
-- Dump dei dati per la tabella `notifica`
--

INSERT INTO `notifica` (`id_notifica`, `tipologia`) VALUES
(1, 'comunicazione'),
(2, 'licenziamento'),
(3, 'ritardo'),
(4, 'assenza'),
(5, 'variazione turni'),
(6, 'calcolo salario'),
(7, 'chiusura servizio');

-- --------------------------------------------------------

--
-- Struttura della tabella `richiesta`
--

CREATE TABLE `richiesta` (
  `id_richiesta` int(11) NOT NULL,
  `ref_impiegato` int(11) NOT NULL,
  `tipologia` varchar(75) NOT NULL,
  `motivazione` varchar(200) NOT NULL,
  `link_certificato` varchar(30) DEFAULT NULL,
  `dataInizio` date NOT NULL,
  `dataFine` date NOT NULL,
  `esito` tinyint(1) NOT NULL
) ENGINE=InnoDB DEFAULT CHARSET=utf8mb4 COLLATE=utf8mb4_general_ci;

--
-- Dump dei dati per la tabella `richiesta`
--

INSERT INTO `richiesta` (`id_richiesta`, `ref_impiegato`, `tipologia`, `motivazione`, `link_certificato`, `dataInizio`, `dataFine`, `esito`) VALUES
(9, 20, 'sciopero', 'sciopero sindacato', 'http://', '2023-01-15', '2023-01-15', 0),
(10, 20, 'malattia', 'malattia broncopolominte', 'hhttpss../', '2023-01-15', '2023-01-17', 1),
(11, 20, 'malattia', 'malattia broncopolominte', 'hhttpss../', '2023-01-15', '2023-01-17', 1),
(12, 20, 'malattia', 'malattia broncopolominte', 'hhttpss../', '2023-01-02', '2023-01-04', 1),
(13, 21, 'malattia', 'malattia broncopolominte', 'hhttpss../', '2023-01-02', '2023-01-04', 1),
(14, 10, 'ferie', 'ferie figa', 'http://link', '2023-01-02', '2023-01-04', 1);

-- --------------------------------------------------------

--
-- Struttura della tabella `servizio`
--

CREATE TABLE `servizio` (
  `id_servizio` int(11) NOT NULL,
  `nome` varchar(30) NOT NULL,
  `gratifica` int(11) NOT NULL
) ENGINE=InnoDB DEFAULT CHARSET=utf8mb4 COLLATE=utf8mb4_general_ci;

--
-- Dump dei dati per la tabella `servizio`
--

INSERT INTO `servizio` (`id_servizio`, `nome`, `gratifica`) VALUES
(1, 'Servizio1', 20),
(2, 'Servizio2', 15),
(3, 'Servizio3', 10),
(4, 'Servizio4', 5);

-- --------------------------------------------------------

--
-- Struttura della tabella `turno`
--

CREATE TABLE `turno` (
  `id_turno` int(11) NOT NULL,
  `ref_impiegato` int(11) NOT NULL,
  `ref_servizio` int(11) NOT NULL,
  `dataTurno` date NOT NULL,
  `oraInizio` time NOT NULL,
  `oraFine` time NOT NULL,
  `firmaIngresso` tinyint(1) NOT NULL,
  `firmaUscita` tinyint(1) NOT NULL,
  `isClosed` tinyint(1) NOT NULL
) ENGINE=InnoDB DEFAULT CHARSET=utf8mb4 COLLATE=utf8mb4_general_ci;

--
-- Dump dei dati per la tabella `turno`
--

INSERT INTO `turno` (`id_turno`, `ref_impiegato`, `ref_servizio`, `dataTurno`, `oraInizio`, `oraFine`, `firmaIngresso`, `firmaUscita`, `isClosed`) VALUES
(1, 7, 1, '2023-01-01', '08:00:00', '16:00:00', 0, 0, 0),
(2, 8, 1, '2023-01-01', '08:00:00', '16:00:00', 1, 1, 0),
(3, 9, 1, '2023-01-01', '08:00:00', '16:00:00', 1, 1, 0),
(4, 17, 2, '2023-01-01', '09:00:00', '17:00:00', 1, 1, 0),
(5, 18, 2, '2023-01-01', '09:00:00', '17:00:00', 0, 0, 0),
(6, 19, 2, '2023-01-01', '09:00:00', '17:00:00', 0, 0, 0),
(7, 22, 3, '2023-01-01', '10:00:00', '18:00:00', 1, 0, 0),
(8, 23, 3, '2023-01-01', '10:00:00', '18:00:00', 1, 0, 0),
(9, 24, 3, '2023-01-01', '10:00:00', '18:00:00', 0, 0, 0),
(10, 27, 4, '2023-01-01', '11:00:00', '19:00:00', 0, 0, 0),
(11, 28, 4, '2023-01-01', '11:00:00', '19:00:00', 0, 0, 0),
(12, 29, 4, '2023-01-01', '11:00:00', '19:00:00', 0, 0, 0),
(13, 10, 1, '2023-01-01', '12:00:00', '20:00:00', 0, 0, 0),
(14, 11, 1, '2023-01-01', '12:00:00', '20:00:00', 0, 0, 0),
(15, 12, 1, '2023-01-01', '12:00:00', '20:00:00', 0, 0, 0),
(16, 13, 1, '2023-01-02', '08:00:00', '16:00:00', 0, 0, 0),
(17, 14, 1, '2023-01-02', '08:00:00', '16:00:00', 0, 0, 0),
(18, 15, 1, '2023-01-02', '08:00:00', '16:00:00', 0, 0, 0),
(19, 9, 2, '2023-01-02', '09:00:00', '17:00:00', 0, 0, 0),
(20, 10, 2, '2023-01-02', '09:00:00', '17:00:00', 0, 0, 0),
(21, 17, 2, '2023-01-02', '09:00:00', '17:00:00', 0, 0, 0),
(22, 25, 3, '2023-01-02', '10:00:00', '18:00:00', 0, 0, 0),
(23, 26, 3, '2023-01-02', '10:00:00', '18:00:00', 0, 0, 0),
(24, 22, 3, '2023-01-02', '10:00:00', '18:00:00', 0, 0, 0),
(25, 30, 4, '2023-01-02', '11:00:00', '19:00:00', 0, 0, 0),
(26, 31, 4, '2023-01-02', '11:00:00', '19:00:00', 0, 0, 0),
(27, 27, 4, '2023-01-02', '11:00:00', '19:00:00', 0, 0, 0),
(28, 16, 1, '2023-01-02', '12:00:00', '20:00:00', 0, 0, 0),
(29, 7, 1, '2023-01-02', '12:00:00', '20:00:00', 0, 0, 0),
(30, 8, 1, '2023-01-02', '12:00:00', '20:00:00', 0, 0, 0),
(31, 9, 1, '2023-01-03', '08:00:00', '16:00:00', 0, 0, 0),
(32, 10, 1, '2023-01-03', '08:00:00', '16:00:00', 0, 0, 0),
(33, 11, 1, '2023-01-03', '08:00:00', '16:00:00', 0, 0, 0),
(34, 18, 2, '2023-01-03', '09:00:00', '17:00:00', 0, 0, 0),
(35, 19, 2, '2023-01-03', '09:00:00', '17:00:00', 0, 0, 0),
(36, 7, 2, '2023-01-03', '09:00:00', '17:00:00', 0, 0, 0),
(37, 23, 3, '2023-01-03', '10:00:00', '18:00:00', 0, 0, 0),
(38, 24, 3, '2023-01-03', '10:00:00', '18:00:00', 0, 0, 0),
(39, 25, 3, '2023-01-03', '10:00:00', '18:00:00', 0, 0, 0),
(40, 28, 4, '2023-01-03', '11:00:00', '19:00:00', 0, 0, 0),
(41, 29, 4, '2023-01-03', '11:00:00', '19:00:00', 0, 0, 0),
(42, 30, 4, '2023-01-03', '11:00:00', '19:00:00', 0, 0, 0),
(43, 12, 1, '2023-01-03', '12:00:00', '20:00:00', 0, 0, 0),
(44, 13, 1, '2023-01-03', '12:00:00', '20:00:00', 0, 0, 0),
(45, 14, 1, '2023-01-03', '12:00:00', '20:00:00', 0, 0, 0),
(46, 15, 1, '2023-01-04', '08:00:00', '16:00:00', 0, 0, 0),
(47, 16, 1, '2023-01-04', '08:00:00', '16:00:00', 0, 0, 0),
(48, 7, 1, '2023-01-04', '08:00:00', '16:00:00', 0, 0, 0),
(49, 11, 2, '2023-01-04', '09:00:00', '17:00:00', 0, 0, 0),
(50, 17, 2, '2023-01-04', '09:00:00', '17:00:00', 0, 0, 0),
(51, 18, 2, '2023-01-04', '09:00:00', '17:00:00', 0, 0, 0),
(52, 26, 3, '2023-01-04', '10:00:00', '18:00:00', 0, 0, 0),
(53, 22, 3, '2023-01-04', '10:00:00', '18:00:00', 0, 0, 0),
(54, 23, 3, '2023-01-04', '10:00:00', '18:00:00', 0, 0, 0),
(55, 31, 4, '2023-01-04', '11:00:00', '19:00:00', 0, 0, 0),
(56, 27, 4, '2023-01-04', '11:00:00', '19:00:00', 0, 0, 0),
(57, 28, 4, '2023-01-04', '11:00:00', '19:00:00', 0, 0, 0),
(58, 8, 1, '2023-01-04', '12:00:00', '20:00:00', 0, 0, 0),
(59, 9, 1, '2023-01-04', '12:00:00', '20:00:00', 0, 0, 0),
(60, 10, 1, '2023-01-04', '12:00:00', '20:00:00', 0, 0, 0),
(61, 11, 1, '2023-01-05', '08:00:00', '16:00:00', 0, 0, 0),
(62, 12, 1, '2023-01-05', '08:00:00', '16:00:00', 0, 0, 0),
(63, 13, 1, '2023-01-05', '08:00:00', '16:00:00', 0, 0, 0),
(64, 19, 2, '2023-01-05', '09:00:00', '17:00:00', 0, 0, 0),
(65, 20, 2, '2023-01-05', '09:00:00', '17:00:00', 0, 0, 0),
(66, 21, 2, '2023-01-05', '09:00:00', '17:00:00', 0, 0, 0),
(67, 24, 3, '2023-01-05', '10:00:00', '18:00:00', 0, 0, 0),
(68, 25, 3, '2023-01-05', '10:00:00', '18:00:00', 0, 0, 0),
(69, 26, 3, '2023-01-05', '10:00:00', '18:00:00', 0, 0, 0),
(70, 29, 4, '2023-01-05', '11:00:00', '19:00:00', 0, 0, 0),
(71, 30, 4, '2023-01-05', '11:00:00', '19:00:00', 0, 0, 0),
(72, 31, 4, '2023-01-05', '11:00:00', '19:00:00', 0, 0, 0),
(73, 14, 1, '2023-01-05', '12:00:00', '20:00:00', 0, 0, 0),
(74, 15, 1, '2023-01-05', '12:00:00', '20:00:00', 0, 0, 0),
(75, 16, 1, '2023-01-05', '12:00:00', '20:00:00', 0, 0, 0),
(76, 7, 1, '2023-01-06', '08:00:00', '16:00:00', 0, 0, 0),
(77, 8, 1, '2023-01-06', '08:00:00', '16:00:00', 0, 0, 0),
(78, 9, 1, '2023-01-06', '08:00:00', '16:00:00', 0, 0, 0),
(79, 17, 2, '2023-01-06', '09:00:00', '17:00:00', 0, 0, 0),
(80, 18, 2, '2023-01-06', '09:00:00', '17:00:00', 0, 0, 0),
(81, 19, 2, '2023-01-06', '09:00:00', '17:00:00', 0, 0, 0),
(82, 22, 3, '2023-01-06', '10:00:00', '18:00:00', 0, 0, 0),
(83, 23, 3, '2023-01-06', '10:00:00', '18:00:00', 0, 0, 0),
(84, 24, 3, '2023-01-06', '10:00:00', '18:00:00', 0, 0, 0),
(85, 27, 4, '2023-01-06', '11:00:00', '19:00:00', 0, 0, 0),
(86, 28, 4, '2023-01-06', '11:00:00', '19:00:00', 0, 0, 0),
(87, 29, 4, '2023-01-06', '11:00:00', '19:00:00', 0, 0, 0),
(88, 10, 1, '2023-01-06', '12:00:00', '20:00:00', 0, 0, 0),
(89, 11, 1, '2023-01-06', '12:00:00', '20:00:00', 0, 0, 0),
(90, 12, 1, '2023-01-06', '12:00:00', '20:00:00', 0, 0, 0),
(91, 13, 1, '2023-01-07', '08:00:00', '16:00:00', 0, 0, 0),
(92, 14, 1, '2023-01-07', '08:00:00', '16:00:00', 0, 0, 0),
(93, 15, 1, '2023-01-07', '08:00:00', '16:00:00', 0, 0, 0),
(94, 20, 2, '2023-01-07', '09:00:00', '17:00:00', 0, 0, 0),
(95, 21, 2, '2023-01-07', '09:00:00', '17:00:00', 0, 0, 0),
(96, 17, 2, '2023-01-07', '09:00:00', '17:00:00', 0, 0, 0),
(97, 25, 3, '2023-01-07', '10:00:00', '18:00:00', 0, 0, 0),
(98, 26, 3, '2023-01-07', '10:00:00', '18:00:00', 0, 0, 0),
(99, 22, 3, '2023-01-07', '10:00:00', '18:00:00', 0, 0, 0),
(100, 30, 4, '2023-01-07', '11:00:00', '19:00:00', 0, 0, 0),
(101, 31, 4, '2023-01-07', '11:00:00', '19:00:00', 0, 0, 0),
(102, 27, 4, '2023-01-07', '11:00:00', '19:00:00', 0, 0, 0),
(103, 16, 1, '2023-01-07', '12:00:00', '20:00:00', 0, 0, 0),
(104, 7, 1, '2023-01-07', '12:00:00', '20:00:00', 0, 0, 0),
(105, 8, 1, '2023-01-07', '12:00:00', '20:00:00', 0, 0, 0),
(106, 9, 1, '2023-01-08', '08:00:00', '16:00:00', 0, 0, 0),
(107, 10, 1, '2023-01-08', '08:00:00', '16:00:00', 0, 0, 0),
(108, 11, 1, '2023-01-08', '08:00:00', '16:00:00', 0, 0, 0),
(109, 18, 2, '2023-01-08', '09:00:00', '17:00:00', 0, 0, 0),
(110, 19, 2, '2023-01-08', '09:00:00', '17:00:00', 0, 0, 0),
(111, 20, 2, '2023-01-08', '09:00:00', '17:00:00', 0, 0, 0),
(112, 23, 3, '2023-01-08', '10:00:00', '18:00:00', 0, 0, 0),
(113, 24, 3, '2023-01-08', '10:00:00', '18:00:00', 0, 0, 0),
(114, 25, 3, '2023-01-08', '10:00:00', '18:00:00', 0, 0, 0),
(115, 28, 4, '2023-01-08', '11:00:00', '19:00:00', 0, 0, 0),
(116, 29, 4, '2023-01-08', '11:00:00', '19:00:00', 0, 0, 0),
(117, 30, 4, '2023-01-08', '11:00:00', '19:00:00', 0, 0, 0),
(118, 12, 1, '2023-01-08', '12:00:00', '20:00:00', 0, 0, 0),
(119, 13, 1, '2023-01-08', '12:00:00', '20:00:00', 0, 0, 0),
(120, 14, 1, '2023-01-08', '12:00:00', '20:00:00', 0, 0, 0),
(121, 15, 1, '2023-01-09', '08:00:00', '16:00:00', 0, 0, 0),
(122, 16, 1, '2023-01-09', '08:00:00', '16:00:00', 0, 0, 0),
(123, 7, 1, '2023-01-09', '08:00:00', '16:00:00', 0, 0, 0),
(124, 21, 2, '2023-01-09', '09:00:00', '17:00:00', 0, 0, 0),
(125, 17, 2, '2023-01-09', '09:00:00', '17:00:00', 0, 0, 0),
(126, 18, 2, '2023-01-09', '09:00:00', '17:00:00', 0, 0, 0),
(127, 26, 3, '2023-01-09', '10:00:00', '18:00:00', 0, 0, 0),
(128, 22, 3, '2023-01-09', '10:00:00', '18:00:00', 0, 0, 0),
(129, 23, 3, '2023-01-09', '10:00:00', '18:00:00', 0, 0, 0),
(130, 31, 4, '2023-01-09', '11:00:00', '19:00:00', 0, 0, 0),
(131, 27, 4, '2023-01-09', '11:00:00', '19:00:00', 0, 0, 0),
(132, 28, 4, '2023-01-09', '11:00:00', '19:00:00', 0, 0, 0),
(133, 8, 1, '2023-01-09', '12:00:00', '20:00:00', 0, 0, 0),
(134, 9, 1, '2023-01-09', '12:00:00', '20:00:00', 0, 0, 0),
(135, 10, 1, '2023-01-09', '12:00:00', '20:00:00', 0, 0, 0),
(136, 11, 1, '2023-01-10', '08:00:00', '16:00:00', 0, 0, 0),
(137, 12, 1, '2023-01-10', '08:00:00', '16:00:00', 0, 0, 0),
(138, 13, 1, '2023-01-10', '08:00:00', '16:00:00', 0, 0, 0),
(139, 19, 2, '2023-01-10', '09:00:00', '17:00:00', 0, 0, 0),
(140, 20, 2, '2023-01-10', '09:00:00', '17:00:00', 0, 0, 0),
(141, 21, 2, '2023-01-10', '09:00:00', '17:00:00', 0, 0, 0),
(142, 24, 3, '2023-01-10', '10:00:00', '18:00:00', 0, 0, 0),
(143, 25, 3, '2023-01-10', '10:00:00', '18:00:00', 0, 0, 0),
(144, 26, 3, '2023-01-10', '10:00:00', '18:00:00', 0, 0, 0),
(145, 29, 4, '2023-01-10', '11:00:00', '19:00:00', 0, 0, 0),
(146, 30, 4, '2023-01-10', '11:00:00', '19:00:00', 0, 0, 0),
(147, 31, 4, '2023-01-10', '11:00:00', '19:00:00', 0, 0, 0),
(148, 14, 1, '2023-01-10', '12:00:00', '20:00:00', 0, 0, 0),
(149, 15, 1, '2023-01-10', '12:00:00', '20:00:00', 0, 0, 0),
(150, 16, 1, '2023-01-10', '12:00:00', '20:00:00', 0, 0, 0),
(151, 7, 1, '2023-01-11', '08:00:00', '16:00:00', 0, 0, 0),
(152, 8, 1, '2023-01-11', '08:00:00', '16:00:00', 0, 0, 0),
(153, 9, 1, '2023-01-11', '08:00:00', '16:00:00', 0, 0, 0),
(154, 17, 2, '2023-01-11', '09:00:00', '17:00:00', 0, 0, 0),
(155, 18, 2, '2023-01-11', '09:00:00', '17:00:00', 0, 0, 0),
(156, 19, 2, '2023-01-11', '09:00:00', '17:00:00', 0, 0, 0),
(157, 22, 3, '2023-01-11', '10:00:00', '18:00:00', 0, 0, 0),
(158, 23, 3, '2023-01-11', '10:00:00', '18:00:00', 0, 0, 0),
(159, 24, 3, '2023-01-11', '10:00:00', '18:00:00', 0, 0, 0),
(160, 27, 4, '2023-01-11', '11:00:00', '19:00:00', 0, 0, 0),
(161, 28, 4, '2023-01-11', '11:00:00', '19:00:00', 0, 0, 0),
(162, 29, 4, '2023-01-11', '11:00:00', '19:00:00', 0, 0, 0),
(163, 10, 1, '2023-01-11', '12:00:00', '20:00:00', 0, 0, 0),
(164, 11, 1, '2023-01-11', '12:00:00', '20:00:00', 0, 0, 0),
(165, 12, 1, '2023-01-11', '12:00:00', '20:00:00', 0, 0, 0),
(166, 13, 1, '2023-01-12', '08:00:00', '16:00:00', 0, 0, 0),
(167, 14, 1, '2023-01-12', '08:00:00', '16:00:00', 0, 0, 0),
(168, 15, 1, '2023-01-12', '08:00:00', '16:00:00', 0, 0, 0),
(169, 20, 2, '2023-01-12', '09:00:00', '17:00:00', 0, 0, 0),
(170, 21, 2, '2023-01-12', '09:00:00', '17:00:00', 0, 0, 0),
(171, 17, 2, '2023-01-12', '09:00:00', '17:00:00', 0, 0, 0),
(172, 25, 3, '2023-01-12', '10:00:00', '18:00:00', 0, 0, 0),
(173, 26, 3, '2023-01-12', '10:00:00', '18:00:00', 0, 0, 0),
(174, 22, 3, '2023-01-12', '10:00:00', '18:00:00', 0, 0, 0),
(175, 30, 4, '2023-01-12', '11:00:00', '19:00:00', 0, 0, 0),
(176, 31, 4, '2023-01-12', '11:00:00', '19:00:00', 0, 0, 0),
(177, 27, 4, '2023-01-12', '11:00:00', '19:00:00', 0, 0, 0),
(178, 16, 1, '2023-01-12', '12:00:00', '20:00:00', 0, 0, 0),
(179, 7, 1, '2023-01-12', '12:00:00', '20:00:00', 0, 0, 0),
(180, 8, 1, '2023-01-12', '12:00:00', '20:00:00', 0, 0, 0),
(181, 9, 1, '2023-01-13', '08:00:00', '16:00:00', 0, 0, 0),
(182, 10, 1, '2023-01-13', '08:00:00', '16:00:00', 0, 0, 0),
(183, 11, 1, '2023-01-13', '08:00:00', '16:00:00', 0, 0, 0),
(184, 18, 2, '2023-01-13', '09:00:00', '17:00:00', 0, 0, 0),
(185, 19, 2, '2023-01-13', '09:00:00', '17:00:00', 0, 0, 0),
(186, 20, 2, '2023-01-13', '09:00:00', '17:00:00', 0, 0, 0),
(187, 23, 3, '2023-01-13', '10:00:00', '18:00:00', 0, 0, 0),
(188, 24, 3, '2023-01-13', '10:00:00', '18:00:00', 0, 0, 0),
(189, 25, 3, '2023-01-13', '10:00:00', '18:00:00', 0, 0, 0),
(190, 28, 4, '2023-01-13', '11:00:00', '19:00:00', 0, 0, 0),
(191, 29, 4, '2023-01-13', '11:00:00', '19:00:00', 0, 0, 0),
(192, 30, 4, '2023-01-13', '11:00:00', '19:00:00', 0, 0, 0),
(193, 12, 1, '2023-01-13', '12:00:00', '20:00:00', 0, 0, 0),
(194, 13, 1, '2023-01-13', '12:00:00', '20:00:00', 0, 0, 0),
(195, 14, 1, '2023-01-13', '12:00:00', '20:00:00', 0, 0, 0),
(196, 15, 1, '2023-01-14', '08:00:00', '16:00:00', 0, 0, 0),
(197, 16, 1, '2023-01-14', '08:00:00', '16:00:00', 0, 0, 0),
(198, 7, 1, '2023-01-14', '08:00:00', '16:00:00', 0, 0, 0),
(199, 21, 2, '2023-01-14', '09:00:00', '17:00:00', 0, 0, 0),
(200, 17, 2, '2023-01-14', '09:00:00', '17:00:00', 0, 0, 0),
(201, 18, 2, '2023-01-14', '09:00:00', '17:00:00', 0, 0, 0),
(202, 26, 3, '2023-01-14', '10:00:00', '18:00:00', 0, 0, 0),
(203, 22, 3, '2023-01-14', '10:00:00', '18:00:00', 0, 0, 0),
(204, 23, 3, '2023-01-14', '10:00:00', '18:00:00', 0, 0, 0),
(205, 31, 4, '2023-01-14', '11:00:00', '19:00:00', 0, 0, 0),
(206, 27, 4, '2023-01-14', '11:00:00', '19:00:00', 0, 0, 0),
(207, 28, 4, '2023-01-14', '11:00:00', '19:00:00', 0, 0, 0),
(208, 8, 1, '2023-01-14', '12:00:00', '20:00:00', 0, 0, 0),
(209, 9, 1, '2023-01-14', '12:00:00', '20:00:00', 0, 0, 0),
(210, 10, 1, '2023-01-14', '12:00:00', '20:00:00', 0, 0, 0),
(211, 11, 1, '2023-01-15', '08:00:00', '16:00:00', 0, 0, 0),
(212, 12, 1, '2023-01-15', '08:00:00', '16:00:00', 0, 0, 0),
(213, 13, 1, '2023-01-15', '08:00:00', '16:00:00', 0, 0, 0),
(214, 19, 2, '2023-01-15', '09:00:00', '17:00:00', 0, 0, 0),
(215, 7, 2, '2023-01-15', '09:00:00', '17:00:00', 0, 0, 0),
(216, 21, 2, '2023-01-15', '09:00:00', '17:00:00', 0, 0, 0),
(217, 24, 3, '2023-01-15', '10:00:00', '18:00:00', 0, 0, 0),
(218, 25, 3, '2023-01-15', '10:00:00', '18:00:00', 0, 0, 0),
(219, 26, 3, '2023-01-15', '10:00:00', '18:00:00', 0, 0, 0),
(220, 29, 4, '2023-01-15', '11:00:00', '19:00:00', 0, 0, 0),
(221, 30, 4, '2023-01-15', '11:00:00', '19:00:00', 0, 0, 0),
(222, 31, 4, '2023-01-15', '11:00:00', '19:00:00', 0, 0, 0),
(223, 14, 1, '2023-01-15', '12:00:00', '20:00:00', 0, 0, 0),
(224, 15, 1, '2023-01-15', '12:00:00', '20:00:00', 0, 0, 0),
(225, 16, 1, '2023-01-15', '12:00:00', '20:00:00', 0, 0, 0),
(226, 7, 1, '2023-01-16', '08:00:00', '16:00:00', 0, 0, 0),
(227, 8, 1, '2023-01-16', '08:00:00', '16:00:00', 0, 0, 0),
(228, 9, 1, '2023-01-16', '08:00:00', '16:00:00', 0, 0, 0),
(229, 17, 2, '2023-01-16', '09:00:00', '17:00:00', 0, 0, 0),
(230, 18, 2, '2023-01-16', '09:00:00', '17:00:00', 0, 0, 0),
(231, 19, 2, '2023-01-16', '09:00:00', '17:00:00', 0, 0, 0),
(232, 22, 3, '2023-01-16', '10:00:00', '18:00:00', 0, 0, 0),
(233, 23, 3, '2023-01-16', '10:00:00', '18:00:00', 0, 0, 0),
(234, 24, 3, '2023-01-16', '10:00:00', '18:00:00', 0, 0, 0),
(235, 27, 4, '2023-01-16', '11:00:00', '19:00:00', 0, 0, 0),
(236, 28, 4, '2023-01-16', '11:00:00', '19:00:00', 0, 0, 0),
(237, 29, 4, '2023-01-16', '11:00:00', '19:00:00', 0, 0, 0),
(238, 10, 1, '2023-01-16', '12:00:00', '20:00:00', 0, 0, 0),
(239, 11, 1, '2023-01-16', '12:00:00', '20:00:00', 0, 0, 0),
(240, 12, 1, '2023-01-16', '12:00:00', '20:00:00', 0, 0, 0),
(241, 13, 1, '2023-01-17', '08:00:00', '16:00:00', 0, 0, 0),
(242, 14, 1, '2023-01-17', '08:00:00', '16:00:00', 0, 0, 0),
(243, 15, 1, '2023-01-17', '08:00:00', '16:00:00', 0, 0, 0),
(244, 9, 2, '2023-01-17', '09:00:00', '17:00:00', 0, 0, 0),
(245, 21, 2, '2023-01-17', '09:00:00', '17:00:00', 0, 0, 0),
(246, 17, 2, '2023-01-17', '09:00:00', '17:00:00', 0, 0, 0),
(247, 25, 3, '2023-01-17', '10:00:00', '18:00:00', 0, 0, 0),
(248, 26, 3, '2023-01-17', '10:00:00', '18:00:00', 0, 0, 0),
(249, 22, 3, '2023-01-17', '10:00:00', '18:00:00', 0, 0, 0),
(250, 30, 4, '2023-01-17', '11:00:00', '19:00:00', 0, 0, 0),
(251, 31, 4, '2023-01-17', '11:00:00', '19:00:00', 0, 0, 0),
(252, 27, 4, '2023-01-17', '11:00:00', '19:00:00', 0, 0, 0),
(253, 16, 1, '2023-01-17', '12:00:00', '20:00:00', 0, 0, 0),
(254, 7, 1, '2023-01-17', '12:00:00', '20:00:00', 0, 0, 0),
(255, 8, 1, '2023-01-17', '12:00:00', '20:00:00', 0, 0, 0),
(256, 9, 1, '2023-01-18', '08:00:00', '16:00:00', 0, 0, 0),
(257, 10, 1, '2023-01-18', '08:00:00', '16:00:00', 0, 0, 0),
(258, 11, 1, '2023-01-18', '08:00:00', '16:00:00', 0, 0, 0),
(259, 18, 2, '2023-01-18', '09:00:00', '17:00:00', 0, 0, 0),
(260, 19, 2, '2023-01-18', '09:00:00', '17:00:00', 0, 0, 0),
(261, 20, 2, '2023-01-18', '09:00:00', '17:00:00', 0, 0, 0),
(262, 23, 3, '2023-01-18', '10:00:00', '18:00:00', 0, 0, 0),
(263, 24, 3, '2023-01-18', '10:00:00', '18:00:00', 0, 0, 0),
(264, 25, 3, '2023-01-18', '10:00:00', '18:00:00', 0, 0, 0),
(265, 28, 4, '2023-01-18', '11:00:00', '19:00:00', 0, 0, 0),
(266, 29, 4, '2023-01-18', '11:00:00', '19:00:00', 0, 0, 0),
(267, 30, 4, '2023-01-18', '11:00:00', '19:00:00', 0, 0, 0),
(268, 12, 1, '2023-01-18', '12:00:00', '20:00:00', 0, 0, 0),
(269, 13, 1, '2023-01-18', '12:00:00', '20:00:00', 0, 0, 0),
(270, 14, 1, '2023-01-18', '12:00:00', '20:00:00', 0, 0, 0),
(271, 15, 1, '2023-01-19', '08:00:00', '16:00:00', 0, 0, 0),
(272, 16, 1, '2023-01-19', '08:00:00', '16:00:00', 0, 0, 0),
(273, 7, 1, '2023-01-19', '08:00:00', '16:00:00', 0, 0, 0),
(274, 21, 2, '2023-01-19', '09:00:00', '17:00:00', 0, 0, 0),
(275, 17, 2, '2023-01-19', '09:00:00', '17:00:00', 0, 0, 0),
(276, 18, 2, '2023-01-19', '09:00:00', '17:00:00', 0, 0, 0),
(277, 26, 3, '2023-01-19', '10:00:00', '18:00:00', 0, 0, 0),
(278, 22, 3, '2023-01-19', '10:00:00', '18:00:00', 0, 0, 0),
(279, 23, 3, '2023-01-19', '10:00:00', '18:00:00', 0, 0, 0),
(280, 31, 4, '2023-01-19', '11:00:00', '19:00:00', 0, 0, 0),
(281, 27, 4, '2023-01-19', '11:00:00', '19:00:00', 0, 0, 0),
(282, 28, 4, '2023-01-19', '11:00:00', '19:00:00', 0, 0, 0),
(283, 8, 1, '2023-01-19', '12:00:00', '20:00:00', 0, 0, 0),
(284, 9, 1, '2023-01-19', '12:00:00', '20:00:00', 0, 0, 0),
(285, 10, 1, '2023-01-19', '12:00:00', '20:00:00', 0, 0, 0),
(286, 11, 1, '2023-01-20', '08:00:00', '16:00:00', 0, 0, 0),
(287, 12, 1, '2023-01-20', '08:00:00', '16:00:00', 0, 0, 0),
(288, 13, 1, '2023-01-20', '08:00:00', '16:00:00', 0, 0, 0),
(289, 19, 2, '2023-01-20', '09:00:00', '17:00:00', 0, 0, 0),
(290, 20, 2, '2023-01-20', '09:00:00', '17:00:00', 0, 0, 0),
(291, 21, 2, '2023-01-20', '09:00:00', '17:00:00', 0, 0, 0),
(292, 24, 3, '2023-01-20', '10:00:00', '18:00:00', 0, 0, 0),
(293, 25, 3, '2023-01-20', '10:00:00', '18:00:00', 0, 0, 0),
(294, 26, 3, '2023-01-20', '10:00:00', '18:00:00', 0, 0, 0),
(295, 29, 4, '2023-01-20', '11:00:00', '19:00:00', 0, 0, 0),
(296, 30, 4, '2023-01-20', '11:00:00', '19:00:00', 0, 0, 0),
(297, 31, 4, '2023-01-20', '11:00:00', '19:00:00', 0, 0, 0),
(298, 14, 1, '2023-01-20', '12:00:00', '20:00:00', 0, 0, 0),
(299, 15, 1, '2023-01-20', '12:00:00', '20:00:00', 0, 0, 0),
(300, 16, 1, '2023-01-20', '12:00:00', '20:00:00', 0, 0, 0),
(301, 7, 1, '2023-01-21', '08:00:00', '16:00:00', 0, 0, 0),
(302, 8, 1, '2023-01-21', '08:00:00', '16:00:00', 0, 0, 0),
(303, 9, 1, '2023-01-21', '08:00:00', '16:00:00', 0, 0, 0),
(304, 17, 2, '2023-01-21', '09:00:00', '17:00:00', 0, 0, 0),
(305, 18, 2, '2023-01-21', '09:00:00', '17:00:00', 0, 0, 0),
(306, 19, 2, '2023-01-21', '09:00:00', '17:00:00', 0, 0, 0),
(307, 22, 3, '2023-01-21', '10:00:00', '18:00:00', 0, 0, 0),
(308, 23, 3, '2023-01-21', '10:00:00', '18:00:00', 0, 0, 0),
(309, 24, 3, '2023-01-21', '10:00:00', '18:00:00', 0, 0, 0),
(310, 27, 4, '2023-01-21', '11:00:00', '19:00:00', 0, 0, 0),
(311, 28, 4, '2023-01-21', '11:00:00', '19:00:00', 0, 0, 0),
(312, 29, 4, '2023-01-21', '11:00:00', '19:00:00', 0, 0, 0),
(313, 10, 1, '2023-01-21', '12:00:00', '20:00:00', 0, 0, 0),
(314, 11, 1, '2023-01-21', '12:00:00', '20:00:00', 0, 0, 0),
(315, 12, 1, '2023-01-21', '12:00:00', '20:00:00', 0, 0, 0),
(316, 13, 1, '2023-01-22', '08:00:00', '16:00:00', 0, 0, 0),
(317, 14, 1, '2023-01-22', '08:00:00', '16:00:00', 0, 0, 0),
(318, 15, 1, '2023-01-22', '08:00:00', '16:00:00', 0, 0, 0),
(319, 20, 2, '2023-01-22', '09:00:00', '17:00:00', 0, 0, 0),
(320, 21, 2, '2023-01-22', '09:00:00', '17:00:00', 0, 0, 0),
(321, 17, 2, '2023-01-22', '09:00:00', '17:00:00', 0, 0, 0),
(322, 25, 3, '2023-01-22', '10:00:00', '18:00:00', 0, 0, 0),
(323, 26, 3, '2023-01-22', '10:00:00', '18:00:00', 0, 0, 0),
(324, 22, 3, '2023-01-22', '10:00:00', '18:00:00', 0, 0, 0),
(325, 30, 4, '2023-01-22', '11:00:00', '19:00:00', 0, 0, 0),
(326, 31, 4, '2023-01-22', '11:00:00', '19:00:00', 0, 0, 0),
(327, 27, 4, '2023-01-22', '11:00:00', '19:00:00', 0, 0, 0),
(328, 16, 1, '2023-01-22', '12:00:00', '20:00:00', 0, 0, 0),
(329, 7, 1, '2023-01-22', '12:00:00', '20:00:00', 0, 0, 0),
(330, 8, 1, '2023-01-22', '12:00:00', '20:00:00', 0, 0, 0),
(331, 9, 1, '2023-01-23', '08:00:00', '16:00:00', 0, 0, 0),
(332, 10, 1, '2023-01-23', '08:00:00', '16:00:00', 0, 0, 0),
(333, 11, 1, '2023-01-23', '08:00:00', '16:00:00', 0, 0, 0),
(334, 18, 2, '2023-01-23', '09:00:00', '17:00:00', 0, 0, 0),
(335, 19, 2, '2023-01-23', '09:00:00', '17:00:00', 0, 0, 0),
(336, 20, 2, '2023-01-23', '09:00:00', '17:00:00', 0, 0, 0),
(337, 23, 3, '2023-01-23', '10:00:00', '18:00:00', 0, 0, 0),
(338, 24, 3, '2023-01-23', '10:00:00', '18:00:00', 0, 0, 0),
(339, 25, 3, '2023-01-23', '10:00:00', '18:00:00', 0, 0, 0),
(340, 28, 4, '2023-01-23', '11:00:00', '19:00:00', 0, 0, 0),
(341, 29, 4, '2023-01-23', '11:00:00', '19:00:00', 0, 0, 0),
(342, 30, 4, '2023-01-23', '11:00:00', '19:00:00', 0, 0, 0),
(343, 12, 1, '2023-01-23', '12:00:00', '20:00:00', 0, 0, 0),
(344, 13, 1, '2023-01-23', '12:00:00', '20:00:00', 0, 0, 0),
(345, 14, 1, '2023-01-23', '12:00:00', '20:00:00', 0, 0, 0),
(346, 15, 1, '2023-01-24', '08:00:00', '16:00:00', 0, 0, 0),
(347, 16, 1, '2023-01-24', '08:00:00', '16:00:00', 0, 0, 0),
(348, 7, 1, '2023-01-24', '08:00:00', '16:00:00', 0, 0, 0),
(349, 21, 2, '2023-01-24', '09:00:00', '17:00:00', 0, 0, 0),
(350, 17, 2, '2023-01-24', '09:00:00', '17:00:00', 0, 0, 0),
(351, 18, 2, '2023-01-24', '09:00:00', '17:00:00', 0, 0, 0),
(352, 26, 3, '2023-01-24', '10:00:00', '18:00:00', 0, 0, 0),
(353, 22, 3, '2023-01-24', '10:00:00', '18:00:00', 0, 0, 0),
(354, 23, 3, '2023-01-24', '10:00:00', '18:00:00', 0, 0, 0),
(355, 31, 4, '2023-01-24', '11:00:00', '19:00:00', 0, 0, 0),
(356, 27, 4, '2023-01-24', '11:00:00', '19:00:00', 0, 0, 0),
(357, 28, 4, '2023-01-24', '11:00:00', '19:00:00', 0, 0, 0),
(358, 8, 1, '2023-01-24', '12:00:00', '20:00:00', 0, 0, 0),
(359, 9, 1, '2023-01-24', '12:00:00', '20:00:00', 0, 0, 0),
(360, 10, 1, '2023-01-24', '12:00:00', '20:00:00', 0, 0, 0),
(361, 11, 1, '2023-01-25', '08:00:00', '16:00:00', 0, 0, 0),
(362, 12, 1, '2023-01-25', '08:00:00', '16:00:00', 0, 0, 0),
(363, 13, 1, '2023-01-25', '08:00:00', '16:00:00', 0, 0, 0),
(364, 19, 2, '2023-01-25', '09:00:00', '17:00:00', 0, 0, 0),
(365, 20, 2, '2023-01-25', '09:00:00', '17:00:00', 0, 0, 0),
(366, 21, 2, '2023-01-25', '09:00:00', '17:00:00', 0, 0, 0),
(367, 24, 3, '2023-01-25', '10:00:00', '18:00:00', 0, 0, 0),
(368, 25, 3, '2023-01-25', '10:00:00', '18:00:00', 0, 0, 0),
(369, 26, 3, '2023-01-25', '10:00:00', '18:00:00', 0, 0, 0),
(370, 29, 4, '2023-01-25', '11:00:00', '19:00:00', 0, 0, 0),
(371, 30, 4, '2023-01-25', '11:00:00', '19:00:00', 0, 0, 0),
(372, 31, 4, '2023-01-25', '11:00:00', '19:00:00', 0, 0, 0),
(373, 14, 1, '2023-01-25', '12:00:00', '20:00:00', 0, 0, 0),
(374, 15, 1, '2023-01-25', '12:00:00', '20:00:00', 0, 0, 0),
(375, 16, 1, '2023-01-25', '12:00:00', '20:00:00', 0, 0, 0),
(376, 7, 1, '2023-01-26', '08:00:00', '16:00:00', 0, 0, 0),
(377, 8, 1, '2023-01-26', '08:00:00', '16:00:00', 0, 0, 0),
(378, 9, 1, '2023-01-26', '08:00:00', '16:00:00', 0, 0, 0),
(379, 17, 2, '2023-01-26', '09:00:00', '17:00:00', 0, 0, 0),
(380, 18, 2, '2023-01-26', '09:00:00', '17:00:00', 0, 0, 0),
(381, 19, 2, '2023-01-26', '09:00:00', '17:00:00', 0, 0, 0),
(382, 22, 3, '2023-01-26', '10:00:00', '18:00:00', 0, 0, 0),
(383, 23, 3, '2023-01-26', '10:00:00', '18:00:00', 0, 0, 0),
(384, 24, 3, '2023-01-26', '10:00:00', '18:00:00', 0, 0, 0),
(385, 27, 4, '2023-01-26', '11:00:00', '19:00:00', 0, 0, 0),
(386, 28, 4, '2023-01-26', '11:00:00', '19:00:00', 0, 0, 0),
(387, 29, 4, '2023-01-26', '11:00:00', '19:00:00', 0, 0, 0),
(388, 10, 1, '2023-01-26', '12:00:00', '20:00:00', 0, 0, 0),
(389, 11, 1, '2023-01-26', '12:00:00', '20:00:00', 0, 0, 0),
(390, 12, 1, '2023-01-26', '12:00:00', '20:00:00', 0, 0, 0),
(391, 13, 1, '2023-01-27', '08:00:00', '16:00:00', 0, 0, 0),
(392, 14, 1, '2023-01-27', '08:00:00', '16:00:00', 0, 0, 0),
(393, 15, 1, '2023-01-27', '08:00:00', '16:00:00', 0, 0, 0),
(394, 20, 2, '2023-01-27', '09:00:00', '17:00:00', 0, 0, 0),
(395, 21, 2, '2023-01-27', '09:00:00', '17:00:00', 0, 0, 0),
(396, 17, 2, '2023-01-27', '09:00:00', '17:00:00', 0, 0, 0),
(397, 25, 3, '2023-01-27', '10:00:00', '18:00:00', 0, 0, 0),
(398, 26, 3, '2023-01-27', '10:00:00', '18:00:00', 0, 0, 0),
(399, 22, 3, '2023-01-27', '10:00:00', '18:00:00', 0, 0, 0),
(400, 30, 4, '2023-01-27', '11:00:00', '19:00:00', 0, 0, 0),
(401, 31, 4, '2023-01-27', '11:00:00', '19:00:00', 0, 0, 0),
(402, 27, 4, '2023-01-27', '11:00:00', '19:00:00', 0, 0, 0),
(403, 16, 1, '2023-01-27', '12:00:00', '20:00:00', 0, 0, 0),
(404, 7, 1, '2023-01-27', '12:00:00', '20:00:00', 0, 0, 0),
(405, 8, 1, '2023-01-27', '12:00:00', '20:00:00', 0, 0, 0),
(406, 9, 1, '2023-01-28', '08:00:00', '16:00:00', 0, 0, 0),
(407, 10, 1, '2023-01-28', '08:00:00', '16:00:00', 0, 0, 0),
(408, 11, 1, '2023-01-28', '08:00:00', '16:00:00', 0, 0, 0),
(409, 18, 2, '2023-01-28', '09:00:00', '17:00:00', 0, 0, 0),
(410, 19, 2, '2023-01-28', '09:00:00', '17:00:00', 0, 0, 0),
(411, 20, 2, '2023-01-28', '09:00:00', '17:00:00', 0, 0, 0),
(412, 23, 3, '2023-01-28', '10:00:00', '18:00:00', 0, 0, 0),
(413, 24, 3, '2023-01-28', '10:00:00', '18:00:00', 0, 0, 0),
(414, 25, 3, '2023-01-28', '10:00:00', '18:00:00', 0, 0, 0),
(415, 28, 4, '2023-01-28', '11:00:00', '19:00:00', 0, 0, 0),
(416, 29, 4, '2023-01-28', '11:00:00', '19:00:00', 0, 0, 0),
(417, 30, 4, '2023-01-28', '11:00:00', '19:00:00', 0, 0, 0),
(418, 12, 1, '2023-01-28', '12:00:00', '20:00:00', 0, 0, 0),
(419, 13, 1, '2023-01-28', '12:00:00', '20:00:00', 0, 0, 0),
(420, 14, 1, '2023-01-28', '12:00:00', '20:00:00', 0, 0, 0),
(421, 15, 1, '2023-01-29', '08:00:00', '16:00:00', 0, 0, 0),
(422, 16, 1, '2023-01-29', '08:00:00', '16:00:00', 0, 0, 0),
(423, 7, 1, '2023-01-29', '08:00:00', '16:00:00', 0, 0, 0),
(424, 21, 2, '2023-01-29', '09:00:00', '17:00:00', 0, 0, 0),
(425, 17, 2, '2023-01-29', '09:00:00', '17:00:00', 0, 0, 0),
(426, 18, 2, '2023-01-29', '09:00:00', '17:00:00', 0, 0, 0),
(427, 26, 3, '2023-01-29', '10:00:00', '18:00:00', 0, 0, 0),
(428, 22, 3, '2023-01-29', '10:00:00', '18:00:00', 0, 0, 0),
(429, 23, 3, '2023-01-29', '10:00:00', '18:00:00', 0, 0, 0),
(430, 31, 4, '2023-01-29', '11:00:00', '19:00:00', 0, 0, 0),
(431, 27, 4, '2023-01-29', '11:00:00', '19:00:00', 0, 0, 0),
(432, 28, 4, '2023-01-29', '11:00:00', '19:00:00', 0, 0, 0),
(433, 8, 1, '2023-01-29', '12:00:00', '20:00:00', 0, 0, 0),
(434, 9, 1, '2023-01-29', '12:00:00', '20:00:00', 0, 0, 0),
(435, 10, 1, '2023-01-29', '12:00:00', '20:00:00', 0, 0, 0),
(436, 11, 1, '2023-01-30', '08:00:00', '16:00:00', 0, 0, 0),
(437, 12, 1, '2023-01-30', '08:00:00', '16:00:00', 0, 0, 0),
(438, 13, 1, '2023-01-30', '08:00:00', '16:00:00', 0, 0, 0),
(439, 19, 2, '2023-01-30', '09:00:00', '17:00:00', 0, 0, 0),
(440, 20, 2, '2023-01-30', '09:00:00', '17:00:00', 0, 0, 0),
(441, 21, 2, '2023-01-30', '09:00:00', '17:00:00', 0, 0, 0),
(442, 24, 3, '2023-01-30', '10:00:00', '18:00:00', 0, 0, 0),
(443, 25, 3, '2023-01-30', '10:00:00', '18:00:00', 0, 0, 0),
(444, 26, 3, '2023-01-30', '10:00:00', '18:00:00', 0, 0, 0),
(445, 29, 4, '2023-01-30', '11:00:00', '19:00:00', 0, 0, 0),
(446, 30, 4, '2023-01-30', '11:00:00', '19:00:00', 0, 0, 0),
(447, 31, 4, '2023-01-30', '11:00:00', '19:00:00', 0, 0, 0),
(448, 14, 1, '2023-01-30', '12:00:00', '20:00:00', 0, 0, 0),
(449, 15, 1, '2023-01-30', '12:00:00', '20:00:00', 0, 0, 0),
(450, 16, 1, '2023-01-30', '12:00:00', '20:00:00', 0, 0, 0),
(451, 7, 1, '2023-01-31', '08:00:00', '16:00:00', 0, 0, 0),
(452, 8, 1, '2023-01-31', '08:00:00', '16:00:00', 0, 0, 0),
(453, 9, 1, '2023-01-31', '08:00:00', '16:00:00', 0, 0, 0),
(454, 17, 2, '2023-01-31', '09:00:00', '17:00:00', 0, 0, 0),
(455, 18, 2, '2023-01-31', '09:00:00', '17:00:00', 0, 0, 0),
(456, 19, 2, '2023-01-31', '09:00:00', '17:00:00', 0, 0, 0),
(457, 22, 3, '2023-01-31', '10:00:00', '18:00:00', 0, 0, 0),
(458, 23, 3, '2023-01-31', '10:00:00', '18:00:00', 0, 0, 0),
(459, 24, 3, '2023-01-31', '10:00:00', '18:00:00', 0, 0, 0),
(460, 27, 4, '2023-01-31', '11:00:00', '19:00:00', 0, 0, 0),
(461, 28, 4, '2023-01-31', '11:00:00', '19:00:00', 0, 0, 0),
(462, 29, 4, '2023-01-31', '11:00:00', '19:00:00', 0, 0, 0),
(463, 10, 1, '2023-01-31', '12:00:00', '20:00:00', 0, 0, 0),
(464, 11, 1, '2023-01-31', '12:00:00', '20:00:00', 0, 0, 0),
(465, 12, 1, '2023-01-31', '12:00:00', '20:00:00', 0, 0, 0),
(466, 13, 1, '2023-02-01', '08:00:00', '16:00:00', 0, 0, 0),
(467, 14, 1, '2023-02-01', '08:00:00', '16:00:00', 0, 0, 0),
(468, 15, 1, '2023-02-01', '08:00:00', '16:00:00', 0, 0, 0),
(469, 20, 2, '2023-02-01', '09:00:00', '17:00:00', 0, 0, 0),
(470, 21, 2, '2023-02-01', '09:00:00', '17:00:00', 0, 0, 0),
(471, 17, 2, '2023-02-01', '09:00:00', '17:00:00', 0, 0, 0),
(472, 25, 3, '2023-02-01', '10:00:00', '18:00:00', 0, 0, 0),
(473, 26, 3, '2023-02-01', '10:00:00', '18:00:00', 0, 0, 0),
(474, 22, 3, '2023-02-01', '10:00:00', '18:00:00', 0, 0, 0),
(475, 30, 4, '2023-02-01', '11:00:00', '19:00:00', 0, 0, 0),
(476, 31, 4, '2023-02-01', '11:00:00', '19:00:00', 0, 0, 0),
(477, 27, 4, '2023-02-01', '11:00:00', '19:00:00', 0, 0, 0),
(478, 16, 1, '2023-02-01', '12:00:00', '20:00:00', 0, 0, 0),
(479, 7, 1, '2023-02-01', '12:00:00', '20:00:00', 0, 0, 0),
(480, 8, 1, '2023-02-01', '12:00:00', '20:00:00', 0, 0, 0),
(481, 9, 1, '2023-02-02', '08:00:00', '16:00:00', 0, 0, 0),
(482, 10, 1, '2023-02-02', '08:00:00', '16:00:00', 0, 0, 0),
(483, 11, 1, '2023-02-02', '08:00:00', '16:00:00', 0, 0, 0),
(484, 18, 2, '2023-02-02', '09:00:00', '17:00:00', 0, 0, 0),
(485, 19, 2, '2023-02-02', '09:00:00', '17:00:00', 0, 0, 0),
(486, 20, 2, '2023-02-02', '09:00:00', '17:00:00', 0, 0, 0),
(487, 23, 3, '2023-02-02', '10:00:00', '18:00:00', 0, 0, 0),
(488, 24, 3, '2023-02-02', '10:00:00', '18:00:00', 0, 0, 0),
(489, 25, 3, '2023-02-02', '10:00:00', '18:00:00', 0, 0, 0),
(490, 28, 4, '2023-02-02', '11:00:00', '19:00:00', 0, 0, 0),
(491, 29, 4, '2023-02-02', '11:00:00', '19:00:00', 0, 0, 0),
(492, 30, 4, '2023-02-02', '11:00:00', '19:00:00', 0, 0, 0),
(493, 12, 1, '2023-02-02', '12:00:00', '20:00:00', 0, 0, 0),
(494, 13, 1, '2023-02-02', '12:00:00', '20:00:00', 0, 0, 0),
(495, 14, 1, '2023-02-02', '12:00:00', '20:00:00', 0, 0, 0),
(496, 15, 1, '2023-02-03', '08:00:00', '16:00:00', 0, 0, 0),
(497, 16, 1, '2023-02-03', '08:00:00', '16:00:00', 0, 0, 0),
(498, 7, 1, '2023-02-03', '08:00:00', '16:00:00', 0, 0, 0),
(499, 21, 2, '2023-02-03', '09:00:00', '17:00:00', 0, 0, 0),
(500, 17, 2, '2023-02-03', '09:00:00', '17:00:00', 0, 0, 0),
(501, 18, 2, '2023-02-03', '09:00:00', '17:00:00', 0, 0, 0),
(502, 26, 3, '2023-02-03', '10:00:00', '18:00:00', 0, 0, 0),
(503, 22, 3, '2023-02-03', '10:00:00', '18:00:00', 0, 0, 0),
(504, 23, 3, '2023-02-03', '10:00:00', '18:00:00', 0, 0, 0),
(505, 31, 4, '2023-02-03', '11:00:00', '19:00:00', 0, 0, 0),
(506, 27, 4, '2023-02-03', '11:00:00', '19:00:00', 0, 0, 0),
(507, 28, 4, '2023-02-03', '11:00:00', '19:00:00', 0, 0, 0),
(508, 8, 1, '2023-02-03', '12:00:00', '20:00:00', 0, 0, 0),
(509, 9, 1, '2023-02-03', '12:00:00', '20:00:00', 0, 0, 0),
(510, 10, 1, '2023-02-03', '12:00:00', '20:00:00', 0, 0, 0),
(511, 11, 1, '2023-02-04', '08:00:00', '16:00:00', 0, 0, 0),
(512, 12, 1, '2023-02-04', '08:00:00', '16:00:00', 0, 0, 0),
(513, 13, 1, '2023-02-04', '08:00:00', '16:00:00', 0, 0, 0),
(514, 19, 2, '2023-02-04', '09:00:00', '17:00:00', 0, 0, 0),
(515, 20, 2, '2023-02-04', '09:00:00', '17:00:00', 0, 0, 0),
(516, 21, 2, '2023-02-04', '09:00:00', '17:00:00', 0, 0, 0),
(517, 24, 3, '2023-02-04', '10:00:00', '18:00:00', 0, 0, 0),
(518, 25, 3, '2023-02-04', '10:00:00', '18:00:00', 0, 0, 0),
(519, 26, 3, '2023-02-04', '10:00:00', '18:00:00', 0, 0, 0),
(520, 29, 4, '2023-02-04', '11:00:00', '19:00:00', 0, 0, 0),
(521, 30, 4, '2023-02-04', '11:00:00', '19:00:00', 0, 0, 0),
(522, 31, 4, '2023-02-04', '11:00:00', '19:00:00', 0, 0, 0),
(523, 14, 1, '2023-02-04', '12:00:00', '20:00:00', 0, 0, 0),
(524, 15, 1, '2023-02-04', '12:00:00', '20:00:00', 0, 0, 0),
(525, 16, 1, '2023-02-04', '12:00:00', '20:00:00', 0, 0, 0),
(526, 7, 1, '2023-02-05', '08:00:00', '16:00:00', 0, 0, 0),
(527, 8, 1, '2023-02-05', '08:00:00', '16:00:00', 0, 0, 0),
(528, 9, 1, '2023-02-05', '08:00:00', '16:00:00', 0, 0, 0),
(529, 17, 2, '2023-02-05', '09:00:00', '17:00:00', 0, 0, 0),
(530, 18, 2, '2023-02-05', '09:00:00', '17:00:00', 0, 0, 0),
(531, 19, 2, '2023-02-05', '09:00:00', '17:00:00', 0, 0, 0),
(532, 22, 3, '2023-02-05', '10:00:00', '18:00:00', 0, 0, 0),
(533, 23, 3, '2023-02-05', '10:00:00', '18:00:00', 0, 0, 0),
(534, 24, 3, '2023-02-05', '10:00:00', '18:00:00', 0, 0, 0),
(535, 27, 4, '2023-02-05', '11:00:00', '19:00:00', 0, 0, 0),
(536, 28, 4, '2023-02-05', '11:00:00', '19:00:00', 0, 0, 0),
(537, 29, 4, '2023-02-05', '11:00:00', '19:00:00', 0, 0, 0),
(538, 10, 1, '2023-02-05', '12:00:00', '20:00:00', 0, 0, 0),
(539, 11, 1, '2023-02-05', '12:00:00', '20:00:00', 0, 0, 0),
(540, 12, 1, '2023-02-05', '12:00:00', '20:00:00', 0, 0, 0),
(541, 13, 1, '2023-02-06', '08:00:00', '16:00:00', 0, 0, 0),
(542, 14, 1, '2023-02-06', '08:00:00', '16:00:00', 0, 0, 0),
(543, 15, 1, '2023-02-06', '08:00:00', '16:00:00', 0, 0, 0),
(544, 20, 2, '2023-02-06', '09:00:00', '17:00:00', 0, 0, 0),
(545, 21, 2, '2023-02-06', '09:00:00', '17:00:00', 0, 0, 0),
(546, 17, 2, '2023-02-06', '09:00:00', '17:00:00', 0, 0, 0),
(547, 25, 3, '2023-02-06', '10:00:00', '18:00:00', 0, 0, 0),
(548, 26, 3, '2023-02-06', '10:00:00', '18:00:00', 0, 0, 0),
(549, 22, 3, '2023-02-06', '10:00:00', '18:00:00', 0, 0, 0),
(550, 30, 4, '2023-02-06', '11:00:00', '19:00:00', 0, 0, 0),
(551, 31, 4, '2023-02-06', '11:00:00', '19:00:00', 0, 0, 0),
(552, 27, 4, '2023-02-06', '11:00:00', '19:00:00', 0, 0, 0),
(553, 16, 1, '2023-02-06', '12:00:00', '20:00:00', 0, 0, 0),
(554, 7, 1, '2023-02-06', '12:00:00', '20:00:00', 0, 0, 0),
(555, 8, 1, '2023-02-06', '12:00:00', '20:00:00', 0, 0, 0),
(556, 9, 1, '2023-02-07', '08:00:00', '16:00:00', 0, 0, 0),
(557, 10, 1, '2023-02-07', '08:00:00', '16:00:00', 0, 0, 0),
(558, 11, 1, '2023-02-07', '08:00:00', '16:00:00', 0, 0, 0),
(559, 18, 2, '2023-02-07', '09:00:00', '17:00:00', 0, 0, 0),
(560, 19, 2, '2023-02-07', '09:00:00', '17:00:00', 0, 0, 0),
(561, 20, 2, '2023-02-07', '09:00:00', '17:00:00', 0, 0, 0),
(562, 23, 3, '2023-02-07', '10:00:00', '18:00:00', 0, 0, 0),
(563, 24, 3, '2023-02-07', '10:00:00', '18:00:00', 0, 0, 0),
(564, 25, 3, '2023-02-07', '10:00:00', '18:00:00', 0, 0, 0),
(565, 28, 4, '2023-02-07', '11:00:00', '19:00:00', 0, 0, 0),
(566, 29, 4, '2023-02-07', '11:00:00', '19:00:00', 0, 0, 0),
(567, 30, 4, '2023-02-07', '11:00:00', '19:00:00', 0, 0, 0),
(568, 12, 1, '2023-02-07', '12:00:00', '20:00:00', 0, 0, 0),
(569, 13, 1, '2023-02-07', '12:00:00', '20:00:00', 0, 0, 0),
(570, 14, 1, '2023-02-07', '12:00:00', '20:00:00', 0, 0, 0),
(571, 15, 1, '2023-02-08', '08:00:00', '16:00:00', 0, 0, 0),
(572, 16, 1, '2023-02-08', '08:00:00', '16:00:00', 0, 0, 0),
(573, 7, 1, '2023-02-08', '08:00:00', '16:00:00', 0, 0, 0),
(574, 21, 2, '2023-02-08', '09:00:00', '17:00:00', 0, 0, 0),
(575, 17, 2, '2023-02-08', '09:00:00', '17:00:00', 0, 0, 0),
(576, 18, 2, '2023-02-08', '09:00:00', '17:00:00', 0, 0, 0),
(577, 26, 3, '2023-02-08', '10:00:00', '18:00:00', 0, 0, 0),
(578, 22, 3, '2023-02-08', '10:00:00', '18:00:00', 0, 0, 0),
(579, 23, 3, '2023-02-08', '10:00:00', '18:00:00', 0, 0, 0),
(580, 31, 4, '2023-02-08', '11:00:00', '19:00:00', 0, 0, 0),
(581, 27, 4, '2023-02-08', '11:00:00', '19:00:00', 0, 0, 0),
(582, 28, 4, '2023-02-08', '11:00:00', '19:00:00', 0, 0, 0),
(583, 8, 1, '2023-02-08', '12:00:00', '20:00:00', 0, 0, 0),
(584, 9, 1, '2023-02-08', '12:00:00', '20:00:00', 0, 0, 0),
(585, 10, 1, '2023-02-08', '12:00:00', '20:00:00', 0, 0, 0),
(586, 11, 1, '2023-02-09', '08:00:00', '16:00:00', 0, 0, 0),
(587, 12, 1, '2023-02-09', '08:00:00', '16:00:00', 0, 0, 0),
(588, 13, 1, '2023-02-09', '08:00:00', '16:00:00', 0, 0, 0),
(589, 19, 2, '2023-02-09', '09:00:00', '17:00:00', 0, 0, 0),
(590, 20, 2, '2023-02-09', '09:00:00', '17:00:00', 0, 0, 0),
(591, 21, 2, '2023-02-09', '09:00:00', '17:00:00', 0, 0, 0),
(592, 24, 3, '2023-02-09', '10:00:00', '18:00:00', 0, 0, 0),
(593, 25, 3, '2023-02-09', '10:00:00', '18:00:00', 0, 0, 0),
(594, 26, 3, '2023-02-09', '10:00:00', '18:00:00', 0, 0, 0),
(595, 29, 4, '2023-02-09', '11:00:00', '19:00:00', 0, 0, 0),
(596, 30, 4, '2023-02-09', '11:00:00', '19:00:00', 0, 0, 0),
(597, 31, 4, '2023-02-09', '11:00:00', '19:00:00', 0, 0, 0),
(598, 14, 1, '2023-02-09', '12:00:00', '20:00:00', 0, 0, 0),
(599, 15, 1, '2023-02-09', '12:00:00', '20:00:00', 0, 0, 0),
(600, 16, 1, '2023-02-09', '12:00:00', '20:00:00', 0, 0, 0),
(601, 7, 1, '2023-02-10', '08:00:00', '16:00:00', 0, 0, 0),
(602, 8, 1, '2023-02-10', '08:00:00', '16:00:00', 0, 0, 0),
(603, 9, 1, '2023-02-10', '08:00:00', '16:00:00', 0, 0, 0),
(604, 17, 2, '2023-02-10', '09:00:00', '17:00:00', 0, 0, 0),
(605, 18, 2, '2023-02-10', '09:00:00', '17:00:00', 0, 0, 0),
(606, 19, 2, '2023-02-10', '09:00:00', '17:00:00', 0, 0, 0),
(607, 22, 3, '2023-02-10', '10:00:00', '18:00:00', 0, 0, 0),
(608, 23, 3, '2023-02-10', '10:00:00', '18:00:00', 0, 0, 0),
(609, 24, 3, '2023-02-10', '10:00:00', '18:00:00', 0, 0, 0),
(610, 27, 4, '2023-02-10', '11:00:00', '19:00:00', 0, 0, 0),
(611, 28, 4, '2023-02-10', '11:00:00', '19:00:00', 0, 0, 0),
(612, 29, 4, '2023-02-10', '11:00:00', '19:00:00', 0, 0, 0),
(613, 10, 1, '2023-02-10', '12:00:00', '20:00:00', 0, 0, 0),
(614, 11, 1, '2023-02-10', '12:00:00', '20:00:00', 0, 0, 0),
(615, 12, 1, '2023-02-10', '12:00:00', '20:00:00', 0, 0, 0),
(616, 13, 1, '2023-02-11', '08:00:00', '16:00:00', 0, 0, 0),
(617, 14, 1, '2023-02-11', '08:00:00', '16:00:00', 0, 0, 0),
(618, 15, 1, '2023-02-11', '08:00:00', '16:00:00', 0, 0, 0),
(619, 20, 2, '2023-02-11', '09:00:00', '17:00:00', 0, 0, 0),
(620, 21, 2, '2023-02-11', '09:00:00', '17:00:00', 0, 0, 0),
(621, 17, 2, '2023-02-11', '09:00:00', '17:00:00', 0, 0, 0),
(622, 25, 3, '2023-02-11', '10:00:00', '18:00:00', 0, 0, 0),
(623, 26, 3, '2023-02-11', '10:00:00', '18:00:00', 0, 0, 0),
(624, 22, 3, '2023-02-11', '10:00:00', '18:00:00', 0, 0, 0),
(625, 30, 4, '2023-02-11', '11:00:00', '19:00:00', 0, 0, 0),
(626, 31, 4, '2023-02-11', '11:00:00', '19:00:00', 0, 0, 0),
(627, 27, 4, '2023-02-11', '11:00:00', '19:00:00', 0, 0, 0),
(628, 16, 1, '2023-02-11', '12:00:00', '20:00:00', 0, 0, 0),
(629, 7, 1, '2023-02-11', '12:00:00', '20:00:00', 0, 0, 0),
(630, 8, 1, '2023-02-11', '12:00:00', '20:00:00', 0, 0, 0),
(631, 9, 1, '2023-02-12', '08:00:00', '16:00:00', 0, 0, 0),
(632, 10, 1, '2023-02-12', '08:00:00', '16:00:00', 0, 0, 0),
(633, 11, 1, '2023-02-12', '08:00:00', '16:00:00', 0, 0, 0),
(634, 18, 2, '2023-02-12', '09:00:00', '17:00:00', 0, 0, 0),
(635, 19, 2, '2023-02-12', '09:00:00', '17:00:00', 0, 0, 0),
(636, 20, 2, '2023-02-12', '09:00:00', '17:00:00', 0, 0, 0),
(637, 23, 3, '2023-02-12', '10:00:00', '18:00:00', 0, 0, 0),
(638, 24, 3, '2023-02-12', '10:00:00', '18:00:00', 0, 0, 0),
(639, 25, 3, '2023-02-12', '10:00:00', '18:00:00', 0, 0, 0),
(640, 28, 4, '2023-02-12', '11:00:00', '19:00:00', 0, 0, 0),
(641, 29, 4, '2023-02-12', '11:00:00', '19:00:00', 0, 0, 0),
(642, 30, 4, '2023-02-12', '11:00:00', '19:00:00', 0, 0, 0),
(643, 12, 1, '2023-02-12', '12:00:00', '20:00:00', 0, 0, 0),
(644, 13, 1, '2023-02-12', '12:00:00', '20:00:00', 0, 0, 0),
(645, 14, 1, '2023-02-12', '12:00:00', '20:00:00', 0, 0, 0),
(646, 15, 1, '2023-02-13', '08:00:00', '16:00:00', 0, 0, 0),
(647, 16, 1, '2023-02-13', '08:00:00', '16:00:00', 0, 0, 0),
(648, 7, 1, '2023-02-13', '08:00:00', '16:00:00', 0, 0, 0),
(649, 21, 2, '2023-02-13', '09:00:00', '17:00:00', 0, 0, 0),
(650, 17, 2, '2023-02-13', '09:00:00', '17:00:00', 0, 0, 0),
(651, 18, 2, '2023-02-13', '09:00:00', '17:00:00', 0, 0, 0),
(652, 26, 3, '2023-02-13', '10:00:00', '18:00:00', 0, 0, 0),
(653, 22, 3, '2023-02-13', '10:00:00', '18:00:00', 0, 0, 0),
(654, 23, 3, '2023-02-13', '10:00:00', '18:00:00', 0, 0, 0),
(655, 31, 4, '2023-02-13', '11:00:00', '19:00:00', 0, 0, 0),
(656, 27, 4, '2023-02-13', '11:00:00', '19:00:00', 0, 0, 0),
(657, 28, 4, '2023-02-13', '11:00:00', '19:00:00', 0, 0, 0),
(658, 8, 1, '2023-02-13', '12:00:00', '20:00:00', 0, 0, 0),
(659, 9, 1, '2023-02-13', '12:00:00', '20:00:00', 0, 0, 0),
(660, 10, 1, '2023-02-13', '12:00:00', '20:00:00', 0, 0, 0),
(661, 11, 1, '2023-02-14', '08:00:00', '16:00:00', 0, 0, 0),
(662, 12, 1, '2023-02-14', '08:00:00', '16:00:00', 0, 0, 0),
(663, 13, 1, '2023-02-14', '08:00:00', '16:00:00', 0, 0, 0),
(664, 19, 2, '2023-02-14', '09:00:00', '17:00:00', 0, 0, 0),
(665, 20, 2, '2023-02-14', '09:00:00', '17:00:00', 0, 0, 0),
(666, 21, 2, '2023-02-14', '09:00:00', '17:00:00', 0, 0, 0),
(667, 24, 3, '2023-02-14', '10:00:00', '18:00:00', 0, 0, 0),
(668, 25, 3, '2023-02-14', '10:00:00', '18:00:00', 0, 0, 0),
(669, 26, 3, '2023-02-14', '10:00:00', '18:00:00', 0, 0, 0),
(670, 29, 4, '2023-02-14', '11:00:00', '19:00:00', 0, 0, 0),
(671, 30, 4, '2023-02-14', '11:00:00', '19:00:00', 0, 0, 0),
(672, 31, 4, '2023-02-14', '11:00:00', '19:00:00', 0, 0, 0),
(673, 14, 1, '2023-02-14', '12:00:00', '20:00:00', 0, 0, 0),
(674, 15, 1, '2023-02-14', '12:00:00', '20:00:00', 0, 0, 0),
(675, 16, 1, '2023-02-14', '12:00:00', '20:00:00', 0, 0, 0),
(676, 7, 1, '2023-02-15', '08:00:00', '16:00:00', 0, 0, 0),
(677, 8, 1, '2023-02-15', '08:00:00', '16:00:00', 0, 0, 0),
(678, 9, 1, '2023-02-15', '08:00:00', '16:00:00', 0, 0, 0),
(679, 17, 2, '2023-02-15', '09:00:00', '17:00:00', 0, 0, 0),
(680, 18, 2, '2023-02-15', '09:00:00', '17:00:00', 0, 0, 0),
(681, 19, 2, '2023-02-15', '09:00:00', '17:00:00', 0, 0, 0),
(682, 22, 3, '2023-02-15', '10:00:00', '18:00:00', 0, 0, 0),
(683, 23, 3, '2023-02-15', '10:00:00', '18:00:00', 0, 0, 0),
(684, 24, 3, '2023-02-15', '10:00:00', '18:00:00', 0, 0, 0),
(685, 27, 4, '2023-02-15', '11:00:00', '19:00:00', 0, 0, 0),
(686, 28, 4, '2023-02-15', '11:00:00', '19:00:00', 0, 0, 0),
(687, 29, 4, '2023-02-15', '11:00:00', '19:00:00', 0, 0, 0),
(688, 10, 1, '2023-02-15', '12:00:00', '20:00:00', 0, 0, 0),
(689, 11, 1, '2023-02-15', '12:00:00', '20:00:00', 0, 0, 0),
(690, 12, 1, '2023-02-15', '12:00:00', '20:00:00', 0, 0, 0),
(691, 13, 1, '2023-02-16', '08:00:00', '16:00:00', 0, 0, 0),
(692, 14, 1, '2023-02-16', '08:00:00', '16:00:00', 0, 0, 0),
(693, 15, 1, '2023-02-16', '08:00:00', '16:00:00', 0, 0, 0),
(694, 20, 2, '2023-02-16', '09:00:00', '17:00:00', 0, 0, 0),
(695, 21, 2, '2023-02-16', '09:00:00', '17:00:00', 0, 0, 0),
(696, 17, 2, '2023-02-16', '09:00:00', '17:00:00', 0, 0, 0),
(697, 25, 3, '2023-02-16', '10:00:00', '18:00:00', 0, 0, 0),
(698, 26, 3, '2023-02-16', '10:00:00', '18:00:00', 0, 0, 0),
(699, 22, 3, '2023-02-16', '10:00:00', '18:00:00', 0, 0, 0),
(700, 30, 4, '2023-02-16', '11:00:00', '19:00:00', 0, 0, 0),
(701, 31, 4, '2023-02-16', '11:00:00', '19:00:00', 0, 0, 0),
(702, 27, 4, '2023-02-16', '11:00:00', '19:00:00', 0, 0, 0),
(703, 16, 1, '2023-02-16', '12:00:00', '20:00:00', 0, 0, 0),
(704, 7, 1, '2023-02-16', '12:00:00', '20:00:00', 0, 0, 0),
(705, 8, 1, '2023-02-16', '12:00:00', '20:00:00', 0, 0, 0),
(706, 9, 1, '2023-02-17', '08:00:00', '16:00:00', 0, 0, 0),
(707, 10, 1, '2023-02-17', '08:00:00', '16:00:00', 0, 0, 0),
(708, 11, 1, '2023-02-17', '08:00:00', '16:00:00', 0, 0, 0),
(709, 18, 2, '2023-02-17', '09:00:00', '17:00:00', 0, 0, 0),
(710, 19, 2, '2023-02-17', '09:00:00', '17:00:00', 0, 0, 0),
(711, 20, 2, '2023-02-17', '09:00:00', '17:00:00', 0, 0, 0),
(712, 23, 3, '2023-02-17', '10:00:00', '18:00:00', 0, 0, 0),
(713, 24, 3, '2023-02-17', '10:00:00', '18:00:00', 0, 0, 0),
(714, 25, 3, '2023-02-17', '10:00:00', '18:00:00', 0, 0, 0),
(715, 28, 4, '2023-02-17', '11:00:00', '19:00:00', 0, 0, 0),
(716, 29, 4, '2023-02-17', '11:00:00', '19:00:00', 0, 0, 0),
(717, 30, 4, '2023-02-17', '11:00:00', '19:00:00', 0, 0, 0),
(718, 12, 1, '2023-02-17', '12:00:00', '20:00:00', 0, 0, 0),
(719, 13, 1, '2023-02-17', '12:00:00', '20:00:00', 0, 0, 0),
(720, 14, 1, '2023-02-17', '12:00:00', '20:00:00', 0, 0, 0),
(721, 15, 1, '2023-02-18', '08:00:00', '16:00:00', 0, 0, 0),
(722, 16, 1, '2023-02-18', '08:00:00', '16:00:00', 0, 0, 0),
(723, 7, 1, '2023-02-18', '08:00:00', '16:00:00', 0, 0, 0),
(724, 21, 2, '2023-02-18', '09:00:00', '17:00:00', 0, 0, 0),
(725, 17, 2, '2023-02-18', '09:00:00', '17:00:00', 0, 0, 0),
(726, 18, 2, '2023-02-18', '09:00:00', '17:00:00', 0, 0, 0),
(727, 26, 3, '2023-02-18', '10:00:00', '18:00:00', 0, 0, 0),
(728, 22, 3, '2023-02-18', '10:00:00', '18:00:00', 0, 0, 0),
(729, 23, 3, '2023-02-18', '10:00:00', '18:00:00', 0, 0, 0),
(730, 31, 4, '2023-02-18', '11:00:00', '19:00:00', 0, 0, 0),
(731, 27, 4, '2023-02-18', '11:00:00', '19:00:00', 0, 0, 0),
(732, 28, 4, '2023-02-18', '11:00:00', '19:00:00', 0, 0, 0),
(733, 8, 1, '2023-02-18', '12:00:00', '20:00:00', 0, 0, 0),
(734, 9, 1, '2023-02-18', '12:00:00', '20:00:00', 0, 0, 0),
(735, 10, 1, '2023-02-18', '12:00:00', '20:00:00', 0, 0, 0),
(736, 11, 1, '2023-02-19', '08:00:00', '16:00:00', 0, 0, 0),
(737, 12, 1, '2023-02-19', '08:00:00', '16:00:00', 0, 0, 0),
(738, 13, 1, '2023-02-19', '08:00:00', '16:00:00', 0, 0, 0),
(739, 19, 2, '2023-02-19', '09:00:00', '17:00:00', 0, 0, 0),
(740, 20, 2, '2023-02-19', '09:00:00', '17:00:00', 0, 0, 0),
(741, 21, 2, '2023-02-19', '09:00:00', '17:00:00', 0, 0, 0),
(742, 24, 3, '2023-02-19', '10:00:00', '18:00:00', 0, 0, 0),
(743, 25, 3, '2023-02-19', '10:00:00', '18:00:00', 0, 0, 0),
(744, 26, 3, '2023-02-19', '10:00:00', '18:00:00', 0, 0, 0),
(745, 29, 4, '2023-02-19', '11:00:00', '19:00:00', 0, 0, 0),
(746, 30, 4, '2023-02-19', '11:00:00', '19:00:00', 0, 0, 0),
(747, 31, 4, '2023-02-19', '11:00:00', '19:00:00', 0, 0, 0),
(748, 14, 1, '2023-02-19', '12:00:00', '20:00:00', 0, 0, 0),
(749, 15, 1, '2023-02-19', '12:00:00', '20:00:00', 0, 0, 0),
(750, 16, 1, '2023-02-19', '12:00:00', '20:00:00', 0, 0, 0),
(751, 7, 1, '2023-02-20', '08:00:00', '16:00:00', 0, 0, 0),
(752, 8, 1, '2023-02-20', '08:00:00', '16:00:00', 0, 0, 0),
(753, 9, 1, '2023-02-20', '08:00:00', '16:00:00', 0, 0, 0),
(754, 17, 2, '2023-02-20', '09:00:00', '17:00:00', 0, 0, 0),
(755, 18, 2, '2023-02-20', '09:00:00', '17:00:00', 0, 0, 0),
(756, 19, 2, '2023-02-20', '09:00:00', '17:00:00', 0, 0, 0),
(757, 22, 3, '2023-02-20', '10:00:00', '18:00:00', 0, 0, 0),
(758, 23, 3, '2023-02-20', '10:00:00', '18:00:00', 0, 0, 0),
(759, 24, 3, '2023-02-20', '10:00:00', '18:00:00', 0, 0, 0),
(760, 27, 4, '2023-02-20', '11:00:00', '19:00:00', 0, 0, 0),
(761, 28, 4, '2023-02-20', '11:00:00', '19:00:00', 0, 0, 0),
(762, 29, 4, '2023-02-20', '11:00:00', '19:00:00', 0, 0, 0),
(763, 10, 1, '2023-02-20', '12:00:00', '20:00:00', 0, 0, 0),
(764, 11, 1, '2023-02-20', '12:00:00', '20:00:00', 0, 0, 0),
(765, 12, 1, '2023-02-20', '12:00:00', '20:00:00', 0, 0, 0),
(766, 13, 1, '2023-02-21', '08:00:00', '16:00:00', 0, 0, 0),
(767, 14, 1, '2023-02-21', '08:00:00', '16:00:00', 0, 0, 0),
(768, 15, 1, '2023-02-21', '08:00:00', '16:00:00', 0, 0, 0),
(769, 20, 2, '2023-02-21', '09:00:00', '17:00:00', 0, 0, 0),
(770, 21, 2, '2023-02-21', '09:00:00', '17:00:00', 0, 0, 0),
(771, 17, 2, '2023-02-21', '09:00:00', '17:00:00', 0, 0, 0),
(772, 25, 3, '2023-02-21', '10:00:00', '18:00:00', 0, 0, 0),
(773, 26, 3, '2023-02-21', '10:00:00', '18:00:00', 0, 0, 0),
(774, 22, 3, '2023-02-21', '10:00:00', '18:00:00', 0, 0, 0),
(775, 30, 4, '2023-02-21', '11:00:00', '19:00:00', 0, 0, 0),
(776, 31, 4, '2023-02-21', '11:00:00', '19:00:00', 0, 0, 0),
(777, 27, 4, '2023-02-21', '11:00:00', '19:00:00', 0, 0, 0),
(778, 16, 1, '2023-02-21', '12:00:00', '20:00:00', 0, 0, 0),
(779, 7, 1, '2023-02-21', '12:00:00', '20:00:00', 0, 0, 0),
(780, 8, 1, '2023-02-21', '12:00:00', '20:00:00', 0, 0, 0),
(781, 9, 1, '2023-02-22', '08:00:00', '16:00:00', 0, 0, 0),
(782, 10, 1, '2023-02-22', '08:00:00', '16:00:00', 0, 0, 0),
(783, 11, 1, '2023-02-22', '08:00:00', '16:00:00', 0, 0, 0),
(784, 18, 2, '2023-02-22', '09:00:00', '17:00:00', 0, 0, 0),
(785, 19, 2, '2023-02-22', '09:00:00', '17:00:00', 0, 0, 0),
(786, 20, 2, '2023-02-22', '09:00:00', '17:00:00', 0, 0, 0),
(787, 23, 3, '2023-02-22', '10:00:00', '18:00:00', 0, 0, 0),
(788, 24, 3, '2023-02-22', '10:00:00', '18:00:00', 0, 0, 0),
(789, 25, 3, '2023-02-22', '10:00:00', '18:00:00', 0, 0, 0),
(790, 28, 4, '2023-02-22', '11:00:00', '19:00:00', 0, 0, 0),
(791, 29, 4, '2023-02-22', '11:00:00', '19:00:00', 0, 0, 0),
(792, 30, 4, '2023-02-22', '11:00:00', '19:00:00', 0, 0, 0),
(793, 12, 1, '2023-02-22', '12:00:00', '20:00:00', 0, 0, 0),
(794, 13, 1, '2023-02-22', '12:00:00', '20:00:00', 0, 0, 0),
(795, 14, 1, '2023-02-22', '12:00:00', '20:00:00', 0, 0, 0),
(796, 15, 1, '2023-02-23', '08:00:00', '16:00:00', 0, 0, 0),
(797, 16, 1, '2023-02-23', '08:00:00', '16:00:00', 0, 0, 0),
(798, 7, 1, '2023-02-23', '08:00:00', '16:00:00', 0, 0, 0),
(799, 21, 2, '2023-02-23', '09:00:00', '17:00:00', 0, 0, 0),
(800, 17, 2, '2023-02-23', '09:00:00', '17:00:00', 0, 0, 0),
(801, 18, 2, '2023-02-23', '09:00:00', '17:00:00', 0, 0, 0),
(802, 26, 3, '2023-02-23', '10:00:00', '18:00:00', 0, 0, 0),
(803, 22, 3, '2023-02-23', '10:00:00', '18:00:00', 0, 0, 0),
(804, 23, 3, '2023-02-23', '10:00:00', '18:00:00', 0, 0, 0),
(805, 31, 4, '2023-02-23', '11:00:00', '19:00:00', 0, 0, 0),
(806, 27, 4, '2023-02-23', '11:00:00', '19:00:00', 0, 0, 0),
(807, 28, 4, '2023-02-23', '11:00:00', '19:00:00', 0, 0, 0),
(808, 8, 1, '2023-02-23', '12:00:00', '20:00:00', 0, 0, 0),
(809, 9, 1, '2023-02-23', '12:00:00', '20:00:00', 0, 0, 0),
(810, 10, 1, '2023-02-23', '12:00:00', '20:00:00', 0, 0, 0),
(811, 11, 1, '2023-02-24', '08:00:00', '16:00:00', 0, 0, 0),
(812, 12, 1, '2023-02-24', '08:00:00', '16:00:00', 0, 0, 0),
(813, 13, 1, '2023-02-24', '08:00:00', '16:00:00', 0, 0, 0),
(814, 19, 2, '2023-02-24', '09:00:00', '17:00:00', 0, 0, 0),
(815, 20, 2, '2023-02-24', '09:00:00', '17:00:00', 0, 0, 0),
(816, 21, 2, '2023-02-24', '09:00:00', '17:00:00', 0, 0, 0),
(817, 24, 3, '2023-02-24', '10:00:00', '18:00:00', 0, 0, 0),
(818, 25, 3, '2023-02-24', '10:00:00', '18:00:00', 0, 0, 0),
(819, 26, 3, '2023-02-24', '10:00:00', '18:00:00', 0, 0, 0),
(820, 29, 4, '2023-02-24', '11:00:00', '19:00:00', 0, 0, 0),
(821, 30, 4, '2023-02-24', '11:00:00', '19:00:00', 0, 0, 0),
(822, 31, 4, '2023-02-24', '11:00:00', '19:00:00', 0, 0, 0),
(823, 14, 1, '2023-02-24', '12:00:00', '20:00:00', 0, 0, 0),
(824, 15, 1, '2023-02-24', '12:00:00', '20:00:00', 0, 0, 0),
(825, 16, 1, '2023-02-24', '12:00:00', '20:00:00', 0, 0, 0),
(826, 7, 1, '2023-02-25', '08:00:00', '16:00:00', 0, 0, 0),
(827, 8, 1, '2023-02-25', '08:00:00', '16:00:00', 0, 0, 0),
(828, 9, 1, '2023-02-25', '08:00:00', '16:00:00', 0, 0, 0),
(829, 17, 2, '2023-02-25', '09:00:00', '17:00:00', 0, 0, 0),
(830, 18, 2, '2023-02-25', '09:00:00', '17:00:00', 0, 0, 0),
(831, 19, 2, '2023-02-25', '09:00:00', '17:00:00', 0, 0, 0),
(832, 22, 3, '2023-02-25', '10:00:00', '18:00:00', 0, 0, 0),
(833, 23, 3, '2023-02-25', '10:00:00', '18:00:00', 0, 0, 0),
(834, 24, 3, '2023-02-25', '10:00:00', '18:00:00', 0, 0, 0),
(835, 27, 4, '2023-02-25', '11:00:00', '19:00:00', 0, 0, 0),
(836, 28, 4, '2023-02-25', '11:00:00', '19:00:00', 0, 0, 0),
(837, 29, 4, '2023-02-25', '11:00:00', '19:00:00', 0, 0, 0),
(838, 10, 1, '2023-02-25', '12:00:00', '20:00:00', 0, 0, 0),
(839, 11, 1, '2023-02-25', '12:00:00', '20:00:00', 0, 0, 0),
(840, 12, 1, '2023-02-25', '12:00:00', '20:00:00', 0, 0, 0),
(841, 13, 1, '2023-02-26', '08:00:00', '16:00:00', 0, 0, 0),
(842, 14, 1, '2023-02-26', '08:00:00', '16:00:00', 0, 0, 0),
(843, 15, 1, '2023-02-26', '08:00:00', '16:00:00', 0, 0, 0),
(844, 20, 2, '2023-02-26', '09:00:00', '17:00:00', 0, 0, 0),
(845, 21, 2, '2023-02-26', '09:00:00', '17:00:00', 0, 0, 0),
(846, 17, 2, '2023-02-26', '09:00:00', '17:00:00', 0, 0, 0),
(847, 25, 3, '2023-02-26', '10:00:00', '18:00:00', 0, 0, 0),
(848, 26, 3, '2023-02-26', '10:00:00', '18:00:00', 0, 0, 0);
INSERT INTO `turno` (`id_turno`, `ref_impiegato`, `ref_servizio`, `dataTurno`, `oraInizio`, `oraFine`, `firmaIngresso`, `firmaUscita`, `isClosed`) VALUES
(849, 22, 3, '2023-02-26', '10:00:00', '18:00:00', 0, 0, 0),
(850, 30, 4, '2023-02-26', '11:00:00', '19:00:00', 0, 0, 0),
(851, 31, 4, '2023-02-26', '11:00:00', '19:00:00', 0, 0, 0),
(852, 27, 4, '2023-02-26', '11:00:00', '19:00:00', 0, 0, 0),
(853, 16, 1, '2023-02-26', '12:00:00', '20:00:00', 0, 0, 0),
(854, 7, 1, '2023-02-26', '12:00:00', '20:00:00', 0, 0, 0),
(855, 8, 1, '2023-02-26', '12:00:00', '20:00:00', 0, 0, 0),
(856, 9, 1, '2023-02-27', '08:00:00', '16:00:00', 0, 0, 0),
(857, 10, 1, '2023-02-27', '08:00:00', '16:00:00', 0, 0, 0),
(858, 11, 1, '2023-02-27', '08:00:00', '16:00:00', 0, 0, 0),
(859, 18, 2, '2023-02-27', '09:00:00', '17:00:00', 0, 0, 0),
(860, 19, 2, '2023-02-27', '09:00:00', '17:00:00', 0, 0, 0),
(861, 20, 2, '2023-02-27', '09:00:00', '17:00:00', 0, 0, 0),
(862, 23, 3, '2023-02-27', '10:00:00', '18:00:00', 0, 0, 0),
(863, 24, 3, '2023-02-27', '10:00:00', '18:00:00', 0, 0, 0),
(864, 25, 3, '2023-02-27', '10:00:00', '18:00:00', 0, 0, 0),
(865, 28, 4, '2023-02-27', '11:00:00', '19:00:00', 0, 0, 0),
(866, 29, 4, '2023-02-27', '11:00:00', '19:00:00', 0, 0, 0),
(867, 30, 4, '2023-02-27', '11:00:00', '19:00:00', 0, 0, 0),
(868, 12, 1, '2023-02-27', '12:00:00', '20:00:00', 0, 0, 0),
(869, 13, 1, '2023-02-27', '12:00:00', '20:00:00', 0, 0, 0),
(870, 14, 1, '2023-02-27', '12:00:00', '20:00:00', 0, 0, 0),
(871, 15, 1, '2023-02-28', '08:00:00', '16:00:00', 0, 0, 0),
(872, 16, 1, '2023-02-28', '08:00:00', '16:00:00', 0, 0, 0),
(873, 7, 1, '2023-02-28', '08:00:00', '16:00:00', 0, 0, 0),
(874, 21, 2, '2023-02-28', '09:00:00', '17:00:00', 0, 0, 0),
(875, 17, 2, '2023-02-28', '09:00:00', '17:00:00', 0, 0, 0),
(876, 18, 2, '2023-02-28', '09:00:00', '17:00:00', 0, 0, 0),
(877, 26, 3, '2023-02-28', '10:00:00', '18:00:00', 0, 0, 0),
(878, 22, 3, '2023-02-28', '10:00:00', '18:00:00', 0, 0, 0),
(879, 23, 3, '2023-02-28', '10:00:00', '18:00:00', 0, 0, 0),
(880, 31, 4, '2023-02-28', '11:00:00', '19:00:00', 0, 0, 0),
(881, 27, 4, '2023-02-28', '11:00:00', '19:00:00', 0, 0, 0),
(882, 28, 4, '2023-02-28', '11:00:00', '19:00:00', 0, 0, 0),
(883, 8, 1, '2023-02-28', '12:00:00', '20:00:00', 0, 0, 0),
(884, 9, 1, '2023-02-28', '12:00:00', '20:00:00', 0, 0, 0),
(885, 10, 1, '2023-02-28', '12:00:00', '20:00:00', 0, 0, 0),
(886, 11, 1, '2023-03-01', '08:00:00', '16:00:00', 0, 0, 0),
(887, 12, 1, '2023-03-01', '08:00:00', '16:00:00', 0, 0, 0),
(888, 13, 1, '2023-03-01', '08:00:00', '16:00:00', 0, 0, 0),
(889, 19, 2, '2023-03-01', '09:00:00', '17:00:00', 0, 0, 0),
(890, 20, 2, '2023-03-01', '09:00:00', '17:00:00', 0, 0, 0),
(891, 21, 2, '2023-03-01', '09:00:00', '17:00:00', 0, 0, 0),
(892, 24, 3, '2023-03-01', '10:00:00', '18:00:00', 0, 0, 0),
(893, 25, 3, '2023-03-01', '10:00:00', '18:00:00', 0, 0, 0),
(894, 26, 3, '2023-03-01', '10:00:00', '18:00:00', 0, 0, 0),
(895, 29, 4, '2023-03-01', '11:00:00', '19:00:00', 0, 0, 0),
(896, 30, 4, '2023-03-01', '11:00:00', '19:00:00', 0, 0, 0),
(897, 31, 4, '2023-03-01', '11:00:00', '19:00:00', 0, 0, 0),
(898, 14, 1, '2023-03-01', '12:00:00', '20:00:00', 0, 0, 0),
(899, 15, 1, '2023-03-01', '12:00:00', '20:00:00', 0, 0, 0),
(900, 16, 1, '2023-03-01', '12:00:00', '20:00:00', 0, 0, 0),
(901, 7, 1, '2023-03-02', '08:00:00', '16:00:00', 0, 0, 0),
(902, 8, 1, '2023-03-02', '08:00:00', '16:00:00', 0, 0, 0),
(903, 9, 1, '2023-03-02', '08:00:00', '16:00:00', 0, 0, 0),
(904, 17, 2, '2023-03-02', '09:00:00', '17:00:00', 0, 0, 0),
(905, 18, 2, '2023-03-02', '09:00:00', '17:00:00', 0, 0, 0),
(906, 19, 2, '2023-03-02', '09:00:00', '17:00:00', 0, 0, 0),
(907, 22, 3, '2023-03-02', '10:00:00', '18:00:00', 0, 0, 0),
(908, 23, 3, '2023-03-02', '10:00:00', '18:00:00', 0, 0, 0),
(909, 24, 3, '2023-03-02', '10:00:00', '18:00:00', 0, 0, 0),
(910, 27, 4, '2023-03-02', '11:00:00', '19:00:00', 0, 0, 0),
(911, 28, 4, '2023-03-02', '11:00:00', '19:00:00', 0, 0, 0),
(912, 29, 4, '2023-03-02', '11:00:00', '19:00:00', 0, 0, 0),
(913, 10, 1, '2023-03-02', '12:00:00', '20:00:00', 0, 0, 0),
(914, 11, 1, '2023-03-02', '12:00:00', '20:00:00', 0, 0, 0),
(915, 12, 1, '2023-03-02', '12:00:00', '20:00:00', 0, 0, 0),
(916, 13, 1, '2023-03-03', '08:00:00', '16:00:00', 0, 0, 0),
(917, 14, 1, '2023-03-03', '08:00:00', '16:00:00', 0, 0, 0),
(918, 15, 1, '2023-03-03', '08:00:00', '16:00:00', 0, 0, 0),
(919, 20, 2, '2023-03-03', '09:00:00', '17:00:00', 0, 0, 0),
(920, 21, 2, '2023-03-03', '09:00:00', '17:00:00', 0, 0, 0),
(921, 17, 2, '2023-03-03', '09:00:00', '17:00:00', 0, 0, 0),
(922, 25, 3, '2023-03-03', '10:00:00', '18:00:00', 0, 0, 0),
(923, 26, 3, '2023-03-03', '10:00:00', '18:00:00', 0, 0, 0),
(924, 22, 3, '2023-03-03', '10:00:00', '18:00:00', 0, 0, 0),
(925, 30, 4, '2023-03-03', '11:00:00', '19:00:00', 0, 0, 0),
(926, 31, 4, '2023-03-03', '11:00:00', '19:00:00', 0, 0, 0),
(927, 27, 4, '2023-03-03', '11:00:00', '19:00:00', 0, 0, 0),
(928, 16, 1, '2023-03-03', '12:00:00', '20:00:00', 0, 0, 0),
(929, 7, 1, '2023-03-03', '12:00:00', '20:00:00', 0, 0, 0),
(930, 8, 1, '2023-03-03', '12:00:00', '20:00:00', 0, 0, 0),
(931, 9, 1, '2023-03-04', '08:00:00', '16:00:00', 0, 0, 0),
(932, 10, 1, '2023-03-04', '08:00:00', '16:00:00', 0, 0, 0),
(933, 11, 1, '2023-03-04', '08:00:00', '16:00:00', 0, 0, 0),
(934, 18, 2, '2023-03-04', '09:00:00', '17:00:00', 0, 0, 0),
(935, 19, 2, '2023-03-04', '09:00:00', '17:00:00', 0, 0, 0),
(936, 20, 2, '2023-03-04', '09:00:00', '17:00:00', 0, 0, 0),
(937, 23, 3, '2023-03-04', '10:00:00', '18:00:00', 0, 0, 0),
(938, 24, 3, '2023-03-04', '10:00:00', '18:00:00', 0, 0, 0),
(939, 25, 3, '2023-03-04', '10:00:00', '18:00:00', 0, 0, 0),
(940, 28, 4, '2023-03-04', '11:00:00', '19:00:00', 0, 0, 0),
(941, 29, 4, '2023-03-04', '11:00:00', '19:00:00', 0, 0, 0),
(942, 30, 4, '2023-03-04', '11:00:00', '19:00:00', 0, 0, 0),
(943, 12, 1, '2023-03-04', '12:00:00', '20:00:00', 0, 0, 0),
(944, 13, 1, '2023-03-04', '12:00:00', '20:00:00', 0, 0, 0),
(945, 14, 1, '2023-03-04', '12:00:00', '20:00:00', 0, 0, 0),
(946, 15, 1, '2023-03-05', '08:00:00', '16:00:00', 0, 0, 0),
(947, 16, 1, '2023-03-05', '08:00:00', '16:00:00', 0, 0, 0),
(948, 7, 1, '2023-03-05', '08:00:00', '16:00:00', 0, 0, 0),
(949, 21, 2, '2023-03-05', '09:00:00', '17:00:00', 0, 0, 0),
(950, 17, 2, '2023-03-05', '09:00:00', '17:00:00', 0, 0, 0),
(951, 18, 2, '2023-03-05', '09:00:00', '17:00:00', 0, 0, 0),
(952, 26, 3, '2023-03-05', '10:00:00', '18:00:00', 0, 0, 0),
(953, 22, 3, '2023-03-05', '10:00:00', '18:00:00', 0, 0, 0),
(954, 23, 3, '2023-03-05', '10:00:00', '18:00:00', 0, 0, 0),
(955, 31, 4, '2023-03-05', '11:00:00', '19:00:00', 0, 0, 0),
(956, 27, 4, '2023-03-05', '11:00:00', '19:00:00', 0, 0, 0),
(957, 28, 4, '2023-03-05', '11:00:00', '19:00:00', 0, 0, 0),
(958, 8, 1, '2023-03-05', '12:00:00', '20:00:00', 0, 0, 0),
(959, 9, 1, '2023-03-05', '12:00:00', '20:00:00', 0, 0, 0),
(960, 10, 1, '2023-03-05', '12:00:00', '20:00:00', 0, 0, 0),
(961, 11, 1, '2023-03-06', '08:00:00', '16:00:00', 0, 0, 0),
(962, 12, 1, '2023-03-06', '08:00:00', '16:00:00', 0, 0, 0),
(963, 13, 1, '2023-03-06', '08:00:00', '16:00:00', 0, 0, 0),
(964, 19, 2, '2023-03-06', '09:00:00', '17:00:00', 0, 0, 0),
(965, 20, 2, '2023-03-06', '09:00:00', '17:00:00', 0, 0, 0),
(966, 21, 2, '2023-03-06', '09:00:00', '17:00:00', 0, 0, 0),
(967, 24, 3, '2023-03-06', '10:00:00', '18:00:00', 0, 0, 0),
(968, 25, 3, '2023-03-06', '10:00:00', '18:00:00', 0, 0, 0),
(969, 26, 3, '2023-03-06', '10:00:00', '18:00:00', 0, 0, 0),
(970, 29, 4, '2023-03-06', '11:00:00', '19:00:00', 0, 0, 0),
(971, 30, 4, '2023-03-06', '11:00:00', '19:00:00', 0, 0, 0),
(972, 31, 4, '2023-03-06', '11:00:00', '19:00:00', 0, 0, 0),
(973, 14, 1, '2023-03-06', '12:00:00', '20:00:00', 0, 0, 0),
(974, 15, 1, '2023-03-06', '12:00:00', '20:00:00', 0, 0, 0),
(975, 16, 1, '2023-03-06', '12:00:00', '20:00:00', 0, 0, 0),
(976, 7, 1, '2023-03-07', '08:00:00', '16:00:00', 0, 0, 0),
(977, 8, 1, '2023-03-07', '08:00:00', '16:00:00', 0, 0, 0),
(978, 9, 1, '2023-03-07', '08:00:00', '16:00:00', 0, 0, 0),
(979, 17, 2, '2023-03-07', '09:00:00', '17:00:00', 0, 0, 0),
(980, 18, 2, '2023-03-07', '09:00:00', '17:00:00', 0, 0, 0),
(981, 19, 2, '2023-03-07', '09:00:00', '17:00:00', 0, 0, 0),
(982, 22, 3, '2023-03-07', '10:00:00', '18:00:00', 0, 0, 0),
(983, 23, 3, '2023-03-07', '10:00:00', '18:00:00', 0, 0, 0),
(984, 24, 3, '2023-03-07', '10:00:00', '18:00:00', 0, 0, 0),
(985, 27, 4, '2023-03-07', '11:00:00', '19:00:00', 0, 0, 0),
(986, 28, 4, '2023-03-07', '11:00:00', '19:00:00', 0, 0, 0),
(987, 29, 4, '2023-03-07', '11:00:00', '19:00:00', 0, 0, 0),
(988, 10, 1, '2023-03-07', '12:00:00', '20:00:00', 0, 0, 0),
(989, 11, 1, '2023-03-07', '12:00:00', '20:00:00', 0, 0, 0),
(990, 12, 1, '2023-03-07', '12:00:00', '20:00:00', 0, 0, 0),
(991, 13, 1, '2023-03-08', '08:00:00', '16:00:00', 0, 0, 0),
(992, 14, 1, '2023-03-08', '08:00:00', '16:00:00', 0, 0, 0),
(993, 15, 1, '2023-03-08', '08:00:00', '16:00:00', 0, 0, 0),
(994, 20, 2, '2023-03-08', '09:00:00', '17:00:00', 0, 0, 0),
(995, 21, 2, '2023-03-08', '09:00:00', '17:00:00', 0, 0, 0),
(996, 17, 2, '2023-03-08', '09:00:00', '17:00:00', 0, 0, 0),
(997, 25, 3, '2023-03-08', '10:00:00', '18:00:00', 0, 0, 0),
(998, 26, 3, '2023-03-08', '10:00:00', '18:00:00', 0, 0, 0),
(999, 22, 3, '2023-03-08', '10:00:00', '18:00:00', 0, 0, 0),
(1000, 30, 4, '2023-03-08', '11:00:00', '19:00:00', 0, 0, 0),
(1001, 31, 4, '2023-03-08', '11:00:00', '19:00:00', 0, 0, 0),
(1002, 27, 4, '2023-03-08', '11:00:00', '19:00:00', 0, 0, 0),
(1003, 16, 1, '2023-03-08', '12:00:00', '20:00:00', 0, 0, 0),
(1004, 7, 1, '2023-03-08', '12:00:00', '20:00:00', 0, 0, 0),
(1005, 8, 1, '2023-03-08', '12:00:00', '20:00:00', 0, 0, 0),
(1006, 9, 1, '2023-03-09', '08:00:00', '16:00:00', 0, 0, 0),
(1007, 10, 1, '2023-03-09', '08:00:00', '16:00:00', 0, 0, 0),
(1008, 11, 1, '2023-03-09', '08:00:00', '16:00:00', 0, 0, 0),
(1009, 18, 2, '2023-03-09', '09:00:00', '17:00:00', 0, 0, 0),
(1010, 19, 2, '2023-03-09', '09:00:00', '17:00:00', 0, 0, 0),
(1011, 20, 2, '2023-03-09', '09:00:00', '17:00:00', 0, 0, 0),
(1012, 23, 3, '2023-03-09', '10:00:00', '18:00:00', 0, 0, 0),
(1013, 24, 3, '2023-03-09', '10:00:00', '18:00:00', 0, 0, 0),
(1014, 25, 3, '2023-03-09', '10:00:00', '18:00:00', 0, 0, 0),
(1015, 28, 4, '2023-03-09', '11:00:00', '19:00:00', 0, 0, 0),
(1016, 29, 4, '2023-03-09', '11:00:00', '19:00:00', 0, 0, 0),
(1017, 30, 4, '2023-03-09', '11:00:00', '19:00:00', 0, 0, 0),
(1018, 12, 1, '2023-03-09', '12:00:00', '20:00:00', 0, 0, 0),
(1019, 13, 1, '2023-03-09', '12:00:00', '20:00:00', 0, 0, 0),
(1020, 14, 1, '2023-03-09', '12:00:00', '20:00:00', 0, 0, 0),
(1021, 15, 1, '2023-03-10', '08:00:00', '16:00:00', 0, 0, 0),
(1022, 16, 1, '2023-03-10', '08:00:00', '16:00:00', 0, 0, 0),
(1023, 7, 1, '2023-03-10', '08:00:00', '16:00:00', 0, 0, 0),
(1024, 21, 2, '2023-03-10', '09:00:00', '17:00:00', 0, 0, 0),
(1025, 17, 2, '2023-03-10', '09:00:00', '17:00:00', 0, 0, 0),
(1026, 18, 2, '2023-03-10', '09:00:00', '17:00:00', 0, 0, 0),
(1027, 26, 3, '2023-03-10', '10:00:00', '18:00:00', 0, 0, 0),
(1028, 22, 3, '2023-03-10', '10:00:00', '18:00:00', 0, 0, 0),
(1029, 23, 3, '2023-03-10', '10:00:00', '18:00:00', 0, 0, 0),
(1030, 31, 4, '2023-03-10', '11:00:00', '19:00:00', 0, 0, 0),
(1031, 27, 4, '2023-03-10', '11:00:00', '19:00:00', 0, 0, 0),
(1032, 28, 4, '2023-03-10', '11:00:00', '19:00:00', 0, 0, 0),
(1033, 8, 1, '2023-03-10', '12:00:00', '20:00:00', 0, 0, 0),
(1034, 9, 1, '2023-03-10', '12:00:00', '20:00:00', 0, 0, 0),
(1035, 10, 1, '2023-03-10', '12:00:00', '20:00:00', 0, 0, 0),
(1036, 11, 1, '2023-03-11', '08:00:00', '16:00:00', 0, 0, 0),
(1037, 12, 1, '2023-03-11', '08:00:00', '16:00:00', 0, 0, 0),
(1038, 13, 1, '2023-03-11', '08:00:00', '16:00:00', 0, 0, 0),
(1039, 19, 2, '2023-03-11', '09:00:00', '17:00:00', 0, 0, 0),
(1040, 20, 2, '2023-03-11', '09:00:00', '17:00:00', 0, 0, 0),
(1041, 21, 2, '2023-03-11', '09:00:00', '17:00:00', 0, 0, 0),
(1042, 24, 3, '2023-03-11', '10:00:00', '18:00:00', 0, 0, 0),
(1043, 25, 3, '2023-03-11', '10:00:00', '18:00:00', 0, 0, 0),
(1044, 26, 3, '2023-03-11', '10:00:00', '18:00:00', 0, 0, 0),
(1045, 29, 4, '2023-03-11', '11:00:00', '19:00:00', 0, 0, 0),
(1046, 30, 4, '2023-03-11', '11:00:00', '19:00:00', 0, 0, 0),
(1047, 31, 4, '2023-03-11', '11:00:00', '19:00:00', 0, 0, 0),
(1048, 14, 1, '2023-03-11', '12:00:00', '20:00:00', 0, 0, 0),
(1049, 15, 1, '2023-03-11', '12:00:00', '20:00:00', 0, 0, 0),
(1050, 16, 1, '2023-03-11', '12:00:00', '20:00:00', 0, 0, 0),
(1051, 7, 1, '2023-03-12', '08:00:00', '16:00:00', 0, 0, 0),
(1052, 8, 1, '2023-03-12', '08:00:00', '16:00:00', 0, 0, 0),
(1053, 9, 1, '2023-03-12', '08:00:00', '16:00:00', 0, 0, 0),
(1054, 17, 2, '2023-03-12', '09:00:00', '17:00:00', 0, 0, 0),
(1055, 18, 2, '2023-03-12', '09:00:00', '17:00:00', 0, 0, 0),
(1056, 19, 2, '2023-03-12', '09:00:00', '17:00:00', 0, 0, 0),
(1057, 22, 3, '2023-03-12', '10:00:00', '18:00:00', 0, 0, 0),
(1058, 23, 3, '2023-03-12', '10:00:00', '18:00:00', 0, 0, 0),
(1059, 24, 3, '2023-03-12', '10:00:00', '18:00:00', 0, 0, 0),
(1060, 27, 4, '2023-03-12', '11:00:00', '19:00:00', 0, 0, 0),
(1061, 28, 4, '2023-03-12', '11:00:00', '19:00:00', 0, 0, 0),
(1062, 29, 4, '2023-03-12', '11:00:00', '19:00:00', 0, 0, 0),
(1063, 10, 1, '2023-03-12', '12:00:00', '20:00:00', 0, 0, 0),
(1064, 11, 1, '2023-03-12', '12:00:00', '20:00:00', 0, 0, 0),
(1065, 12, 1, '2023-03-12', '12:00:00', '20:00:00', 0, 0, 0),
(1066, 13, 1, '2023-03-13', '08:00:00', '16:00:00', 0, 0, 0),
(1067, 14, 1, '2023-03-13', '08:00:00', '16:00:00', 0, 0, 0),
(1068, 15, 1, '2023-03-13', '08:00:00', '16:00:00', 0, 0, 0),
(1069, 20, 2, '2023-03-13', '09:00:00', '17:00:00', 0, 0, 0),
(1070, 21, 2, '2023-03-13', '09:00:00', '17:00:00', 0, 0, 0),
(1071, 17, 2, '2023-03-13', '09:00:00', '17:00:00', 0, 0, 0),
(1072, 25, 3, '2023-03-13', '10:00:00', '18:00:00', 0, 0, 0),
(1073, 26, 3, '2023-03-13', '10:00:00', '18:00:00', 0, 0, 0),
(1074, 22, 3, '2023-03-13', '10:00:00', '18:00:00', 0, 0, 0),
(1075, 30, 4, '2023-03-13', '11:00:00', '19:00:00', 0, 0, 0),
(1076, 31, 4, '2023-03-13', '11:00:00', '19:00:00', 0, 0, 0),
(1077, 27, 4, '2023-03-13', '11:00:00', '19:00:00', 0, 0, 0),
(1078, 16, 1, '2023-03-13', '12:00:00', '20:00:00', 0, 0, 0),
(1079, 7, 1, '2023-03-13', '12:00:00', '20:00:00', 0, 0, 0),
(1080, 8, 1, '2023-03-13', '12:00:00', '20:00:00', 0, 0, 0),
(1081, 9, 1, '2023-03-14', '08:00:00', '16:00:00', 0, 0, 0),
(1082, 10, 1, '2023-03-14', '08:00:00', '16:00:00', 0, 0, 0),
(1083, 11, 1, '2023-03-14', '08:00:00', '16:00:00', 0, 0, 0),
(1084, 18, 2, '2023-03-14', '09:00:00', '17:00:00', 0, 0, 0),
(1085, 19, 2, '2023-03-14', '09:00:00', '17:00:00', 0, 0, 0),
(1086, 20, 2, '2023-03-14', '09:00:00', '17:00:00', 0, 0, 0),
(1087, 23, 3, '2023-03-14', '10:00:00', '18:00:00', 0, 0, 0),
(1088, 24, 3, '2023-03-14', '10:00:00', '18:00:00', 0, 0, 0),
(1089, 25, 3, '2023-03-14', '10:00:00', '18:00:00', 0, 0, 0),
(1090, 28, 4, '2023-03-14', '11:00:00', '19:00:00', 0, 0, 0),
(1091, 29, 4, '2023-03-14', '11:00:00', '19:00:00', 0, 0, 0),
(1092, 30, 4, '2023-03-14', '11:00:00', '19:00:00', 0, 0, 0),
(1093, 12, 1, '2023-03-14', '12:00:00', '20:00:00', 0, 0, 0),
(1094, 13, 1, '2023-03-14', '12:00:00', '20:00:00', 0, 0, 0),
(1095, 14, 1, '2023-03-14', '12:00:00', '20:00:00', 0, 0, 0),
(1096, 15, 1, '2023-03-15', '08:00:00', '16:00:00', 0, 0, 0),
(1097, 16, 1, '2023-03-15', '08:00:00', '16:00:00', 0, 0, 0),
(1098, 7, 1, '2023-03-15', '08:00:00', '16:00:00', 0, 0, 0),
(1099, 21, 2, '2023-03-15', '09:00:00', '17:00:00', 0, 0, 0),
(1100, 17, 2, '2023-03-15', '09:00:00', '17:00:00', 0, 0, 0),
(1101, 18, 2, '2023-03-15', '09:00:00', '17:00:00', 0, 0, 0),
(1102, 26, 3, '2023-03-15', '10:00:00', '18:00:00', 0, 0, 0),
(1103, 22, 3, '2023-03-15', '10:00:00', '18:00:00', 0, 0, 0),
(1104, 23, 3, '2023-03-15', '10:00:00', '18:00:00', 0, 0, 0),
(1105, 31, 4, '2023-03-15', '11:00:00', '19:00:00', 0, 0, 0),
(1106, 27, 4, '2023-03-15', '11:00:00', '19:00:00', 0, 0, 0),
(1107, 28, 4, '2023-03-15', '11:00:00', '19:00:00', 0, 0, 0),
(1108, 8, 1, '2023-03-15', '12:00:00', '20:00:00', 0, 0, 0),
(1109, 9, 1, '2023-03-15', '12:00:00', '20:00:00', 0, 0, 0),
(1110, 10, 1, '2023-03-15', '12:00:00', '20:00:00', 0, 0, 0),
(1111, 11, 1, '2023-03-16', '08:00:00', '16:00:00', 0, 0, 0),
(1112, 12, 1, '2023-03-16', '08:00:00', '16:00:00', 0, 0, 0),
(1113, 13, 1, '2023-03-16', '08:00:00', '16:00:00', 0, 0, 0),
(1114, 19, 2, '2023-03-16', '09:00:00', '17:00:00', 0, 0, 0),
(1115, 20, 2, '2023-03-16', '09:00:00', '17:00:00', 0, 0, 0),
(1116, 21, 2, '2023-03-16', '09:00:00', '17:00:00', 0, 0, 0),
(1117, 24, 3, '2023-03-16', '10:00:00', '18:00:00', 0, 0, 0),
(1118, 25, 3, '2023-03-16', '10:00:00', '18:00:00', 0, 0, 0),
(1119, 26, 3, '2023-03-16', '10:00:00', '18:00:00', 0, 0, 0),
(1120, 29, 4, '2023-03-16', '11:00:00', '19:00:00', 0, 0, 0),
(1121, 30, 4, '2023-03-16', '11:00:00', '19:00:00', 0, 0, 0),
(1122, 31, 4, '2023-03-16', '11:00:00', '19:00:00', 0, 0, 0),
(1123, 14, 1, '2023-03-16', '12:00:00', '20:00:00', 0, 0, 0),
(1124, 15, 1, '2023-03-16', '12:00:00', '20:00:00', 0, 0, 0),
(1125, 16, 1, '2023-03-16', '12:00:00', '20:00:00', 0, 0, 0),
(1126, 7, 1, '2023-03-17', '08:00:00', '16:00:00', 0, 0, 0),
(1127, 8, 1, '2023-03-17', '08:00:00', '16:00:00', 0, 0, 0),
(1128, 9, 1, '2023-03-17', '08:00:00', '16:00:00', 0, 0, 0),
(1129, 17, 2, '2023-03-17', '09:00:00', '17:00:00', 0, 0, 0),
(1130, 18, 2, '2023-03-17', '09:00:00', '17:00:00', 0, 0, 0),
(1131, 19, 2, '2023-03-17', '09:00:00', '17:00:00', 0, 0, 0),
(1132, 22, 3, '2023-03-17', '10:00:00', '18:00:00', 0, 0, 0),
(1133, 23, 3, '2023-03-17', '10:00:00', '18:00:00', 0, 0, 0),
(1134, 24, 3, '2023-03-17', '10:00:00', '18:00:00', 0, 0, 0),
(1135, 27, 4, '2023-03-17', '11:00:00', '19:00:00', 0, 0, 0),
(1136, 28, 4, '2023-03-17', '11:00:00', '19:00:00', 0, 0, 0),
(1137, 29, 4, '2023-03-17', '11:00:00', '19:00:00', 0, 0, 0),
(1138, 10, 1, '2023-03-17', '12:00:00', '20:00:00', 0, 0, 0),
(1139, 11, 1, '2023-03-17', '12:00:00', '20:00:00', 0, 0, 0),
(1140, 12, 1, '2023-03-17', '12:00:00', '20:00:00', 0, 0, 0),
(1141, 13, 1, '2023-03-18', '08:00:00', '16:00:00', 0, 0, 0),
(1142, 14, 1, '2023-03-18', '08:00:00', '16:00:00', 0, 0, 0),
(1143, 15, 1, '2023-03-18', '08:00:00', '16:00:00', 0, 0, 0),
(1144, 20, 2, '2023-03-18', '09:00:00', '17:00:00', 0, 0, 0),
(1145, 21, 2, '2023-03-18', '09:00:00', '17:00:00', 0, 0, 0),
(1146, 17, 2, '2023-03-18', '09:00:00', '17:00:00', 0, 0, 0),
(1147, 25, 3, '2023-03-18', '10:00:00', '18:00:00', 0, 0, 0),
(1148, 26, 3, '2023-03-18', '10:00:00', '18:00:00', 0, 0, 0),
(1149, 22, 3, '2023-03-18', '10:00:00', '18:00:00', 0, 0, 0),
(1150, 30, 4, '2023-03-18', '11:00:00', '19:00:00', 0, 0, 0),
(1151, 31, 4, '2023-03-18', '11:00:00', '19:00:00', 0, 0, 0),
(1152, 27, 4, '2023-03-18', '11:00:00', '19:00:00', 0, 0, 0),
(1153, 16, 1, '2023-03-18', '12:00:00', '20:00:00', 0, 0, 0),
(1154, 7, 1, '2023-03-18', '12:00:00', '20:00:00', 0, 0, 0),
(1155, 8, 1, '2023-03-18', '12:00:00', '20:00:00', 0, 0, 0),
(1156, 9, 1, '2023-03-19', '08:00:00', '16:00:00', 0, 0, 0),
(1157, 10, 1, '2023-03-19', '08:00:00', '16:00:00', 0, 0, 0),
(1158, 11, 1, '2023-03-19', '08:00:00', '16:00:00', 0, 0, 0),
(1159, 18, 2, '2023-03-19', '09:00:00', '17:00:00', 0, 0, 0),
(1160, 19, 2, '2023-03-19', '09:00:00', '17:00:00', 0, 0, 0),
(1161, 20, 2, '2023-03-19', '09:00:00', '17:00:00', 0, 0, 0),
(1162, 23, 3, '2023-03-19', '10:00:00', '18:00:00', 0, 0, 0),
(1163, 24, 3, '2023-03-19', '10:00:00', '18:00:00', 0, 0, 0),
(1164, 25, 3, '2023-03-19', '10:00:00', '18:00:00', 0, 0, 0),
(1165, 28, 4, '2023-03-19', '11:00:00', '19:00:00', 0, 0, 0),
(1166, 29, 4, '2023-03-19', '11:00:00', '19:00:00', 0, 0, 0),
(1167, 30, 4, '2023-03-19', '11:00:00', '19:00:00', 0, 0, 0),
(1168, 12, 1, '2023-03-19', '12:00:00', '20:00:00', 0, 0, 0),
(1169, 13, 1, '2023-03-19', '12:00:00', '20:00:00', 0, 0, 0),
(1170, 14, 1, '2023-03-19', '12:00:00', '20:00:00', 0, 0, 0),
(1171, 15, 1, '2023-03-20', '08:00:00', '16:00:00', 0, 0, 0),
(1172, 16, 1, '2023-03-20', '08:00:00', '16:00:00', 0, 0, 0),
(1173, 7, 1, '2023-03-20', '08:00:00', '16:00:00', 0, 0, 0),
(1174, 21, 2, '2023-03-20', '09:00:00', '17:00:00', 0, 0, 0),
(1175, 17, 2, '2023-03-20', '09:00:00', '17:00:00', 0, 0, 0),
(1176, 18, 2, '2023-03-20', '09:00:00', '17:00:00', 0, 0, 0),
(1177, 26, 3, '2023-03-20', '10:00:00', '18:00:00', 0, 0, 0),
(1178, 22, 3, '2023-03-20', '10:00:00', '18:00:00', 0, 0, 0),
(1179, 23, 3, '2023-03-20', '10:00:00', '18:00:00', 0, 0, 0),
(1180, 31, 4, '2023-03-20', '11:00:00', '19:00:00', 0, 0, 0),
(1181, 27, 4, '2023-03-20', '11:00:00', '19:00:00', 0, 0, 0),
(1182, 28, 4, '2023-03-20', '11:00:00', '19:00:00', 0, 0, 0),
(1183, 8, 1, '2023-03-20', '12:00:00', '20:00:00', 0, 0, 0),
(1184, 9, 1, '2023-03-20', '12:00:00', '20:00:00', 0, 0, 0),
(1185, 10, 1, '2023-03-20', '12:00:00', '20:00:00', 0, 0, 0),
(1186, 11, 1, '2023-03-21', '08:00:00', '16:00:00', 0, 0, 0),
(1187, 12, 1, '2023-03-21', '08:00:00', '16:00:00', 0, 0, 0),
(1188, 13, 1, '2023-03-21', '08:00:00', '16:00:00', 0, 0, 0),
(1189, 19, 2, '2023-03-21', '09:00:00', '17:00:00', 0, 0, 0),
(1190, 20, 2, '2023-03-21', '09:00:00', '17:00:00', 0, 0, 0),
(1191, 21, 2, '2023-03-21', '09:00:00', '17:00:00', 0, 0, 0),
(1192, 24, 3, '2023-03-21', '10:00:00', '18:00:00', 0, 0, 0),
(1193, 25, 3, '2023-03-21', '10:00:00', '18:00:00', 0, 0, 0),
(1194, 26, 3, '2023-03-21', '10:00:00', '18:00:00', 0, 0, 0),
(1195, 29, 4, '2023-03-21', '11:00:00', '19:00:00', 0, 0, 0),
(1196, 30, 4, '2023-03-21', '11:00:00', '19:00:00', 0, 0, 0),
(1197, 31, 4, '2023-03-21', '11:00:00', '19:00:00', 0, 0, 0),
(1198, 14, 1, '2023-03-21', '12:00:00', '20:00:00', 0, 0, 0),
(1199, 15, 1, '2023-03-21', '12:00:00', '20:00:00', 0, 0, 0),
(1200, 16, 1, '2023-03-21', '12:00:00', '20:00:00', 0, 0, 0),
(1201, 7, 1, '2023-03-22', '08:00:00', '16:00:00', 0, 0, 0),
(1202, 8, 1, '2023-03-22', '08:00:00', '16:00:00', 0, 0, 0),
(1203, 9, 1, '2023-03-22', '08:00:00', '16:00:00', 0, 0, 0),
(1204, 17, 2, '2023-03-22', '09:00:00', '17:00:00', 0, 0, 0),
(1205, 18, 2, '2023-03-22', '09:00:00', '17:00:00', 0, 0, 0),
(1206, 19, 2, '2023-03-22', '09:00:00', '17:00:00', 0, 0, 0),
(1207, 22, 3, '2023-03-22', '10:00:00', '18:00:00', 0, 0, 0),
(1208, 23, 3, '2023-03-22', '10:00:00', '18:00:00', 0, 0, 0),
(1209, 24, 3, '2023-03-22', '10:00:00', '18:00:00', 0, 0, 0),
(1210, 27, 4, '2023-03-22', '11:00:00', '19:00:00', 0, 0, 0),
(1211, 28, 4, '2023-03-22', '11:00:00', '19:00:00', 0, 0, 0),
(1212, 29, 4, '2023-03-22', '11:00:00', '19:00:00', 0, 0, 0),
(1213, 10, 1, '2023-03-22', '12:00:00', '20:00:00', 0, 0, 0),
(1214, 11, 1, '2023-03-22', '12:00:00', '20:00:00', 0, 0, 0),
(1215, 12, 1, '2023-03-22', '12:00:00', '20:00:00', 0, 0, 0),
(1216, 13, 1, '2023-03-23', '08:00:00', '16:00:00', 0, 0, 0),
(1217, 14, 1, '2023-03-23', '08:00:00', '16:00:00', 0, 0, 0),
(1218, 15, 1, '2023-03-23', '08:00:00', '16:00:00', 0, 0, 0),
(1219, 20, 2, '2023-03-23', '09:00:00', '17:00:00', 0, 0, 0),
(1220, 21, 2, '2023-03-23', '09:00:00', '17:00:00', 0, 0, 0),
(1221, 17, 2, '2023-03-23', '09:00:00', '17:00:00', 0, 0, 0),
(1222, 25, 3, '2023-03-23', '10:00:00', '18:00:00', 0, 0, 0),
(1223, 26, 3, '2023-03-23', '10:00:00', '18:00:00', 0, 0, 0),
(1224, 22, 3, '2023-03-23', '10:00:00', '18:00:00', 0, 0, 0),
(1225, 30, 4, '2023-03-23', '11:00:00', '19:00:00', 0, 0, 0),
(1226, 31, 4, '2023-03-23', '11:00:00', '19:00:00', 0, 0, 0),
(1227, 27, 4, '2023-03-23', '11:00:00', '19:00:00', 0, 0, 0),
(1228, 16, 1, '2023-03-23', '12:00:00', '20:00:00', 0, 0, 0),
(1229, 7, 1, '2023-03-23', '12:00:00', '20:00:00', 0, 0, 0),
(1230, 8, 1, '2023-03-23', '12:00:00', '20:00:00', 0, 0, 0),
(1231, 9, 1, '2023-03-24', '08:00:00', '16:00:00', 0, 0, 0),
(1232, 10, 1, '2023-03-24', '08:00:00', '16:00:00', 0, 0, 0),
(1233, 11, 1, '2023-03-24', '08:00:00', '16:00:00', 0, 0, 0),
(1234, 18, 2, '2023-03-24', '09:00:00', '17:00:00', 0, 0, 0),
(1235, 19, 2, '2023-03-24', '09:00:00', '17:00:00', 0, 0, 0),
(1236, 20, 2, '2023-03-24', '09:00:00', '17:00:00', 0, 0, 0),
(1237, 23, 3, '2023-03-24', '10:00:00', '18:00:00', 0, 0, 0),
(1238, 24, 3, '2023-03-24', '10:00:00', '18:00:00', 0, 0, 0),
(1239, 25, 3, '2023-03-24', '10:00:00', '18:00:00', 0, 0, 0),
(1240, 28, 4, '2023-03-24', '11:00:00', '19:00:00', 0, 0, 0),
(1241, 29, 4, '2023-03-24', '11:00:00', '19:00:00', 0, 0, 0),
(1242, 30, 4, '2023-03-24', '11:00:00', '19:00:00', 0, 0, 0),
(1243, 12, 1, '2023-03-24', '12:00:00', '20:00:00', 0, 0, 0),
(1244, 13, 1, '2023-03-24', '12:00:00', '20:00:00', 0, 0, 0),
(1245, 14, 1, '2023-03-24', '12:00:00', '20:00:00', 0, 0, 0),
(1246, 15, 1, '2023-03-25', '08:00:00', '16:00:00', 0, 0, 0),
(1247, 16, 1, '2023-03-25', '08:00:00', '16:00:00', 0, 0, 0),
(1248, 7, 1, '2023-03-25', '08:00:00', '16:00:00', 0, 0, 0),
(1249, 21, 2, '2023-03-25', '09:00:00', '17:00:00', 0, 0, 0),
(1250, 17, 2, '2023-03-25', '09:00:00', '17:00:00', 0, 0, 0),
(1251, 18, 2, '2023-03-25', '09:00:00', '17:00:00', 0, 0, 0),
(1252, 26, 3, '2023-03-25', '10:00:00', '18:00:00', 0, 0, 0),
(1253, 22, 3, '2023-03-25', '10:00:00', '18:00:00', 0, 0, 0),
(1254, 23, 3, '2023-03-25', '10:00:00', '18:00:00', 0, 0, 0),
(1255, 31, 4, '2023-03-25', '11:00:00', '19:00:00', 0, 0, 0),
(1256, 27, 4, '2023-03-25', '11:00:00', '19:00:00', 0, 0, 0),
(1257, 28, 4, '2023-03-25', '11:00:00', '19:00:00', 0, 0, 0),
(1258, 8, 1, '2023-03-25', '12:00:00', '20:00:00', 0, 0, 0),
(1259, 9, 1, '2023-03-25', '12:00:00', '20:00:00', 0, 0, 0),
(1260, 10, 1, '2023-03-25', '12:00:00', '20:00:00', 0, 0, 0),
(1261, 11, 1, '2023-03-26', '08:00:00', '16:00:00', 0, 0, 0),
(1262, 12, 1, '2023-03-26', '08:00:00', '16:00:00', 0, 0, 0),
(1263, 13, 1, '2023-03-26', '08:00:00', '16:00:00', 0, 0, 0),
(1264, 19, 2, '2023-03-26', '09:00:00', '17:00:00', 0, 0, 0),
(1265, 20, 2, '2023-03-26', '09:00:00', '17:00:00', 0, 0, 0),
(1266, 21, 2, '2023-03-26', '09:00:00', '17:00:00', 0, 0, 0),
(1267, 24, 3, '2023-03-26', '10:00:00', '18:00:00', 0, 0, 0),
(1268, 25, 3, '2023-03-26', '10:00:00', '18:00:00', 0, 0, 0),
(1269, 26, 3, '2023-03-26', '10:00:00', '18:00:00', 0, 0, 0),
(1270, 29, 4, '2023-03-26', '11:00:00', '19:00:00', 0, 0, 0),
(1271, 30, 4, '2023-03-26', '11:00:00', '19:00:00', 0, 0, 0),
(1272, 31, 4, '2023-03-26', '11:00:00', '19:00:00', 0, 0, 0),
(1273, 14, 1, '2023-03-26', '12:00:00', '20:00:00', 0, 0, 0),
(1274, 15, 1, '2023-03-26', '12:00:00', '20:00:00', 0, 0, 0),
(1275, 16, 1, '2023-03-26', '12:00:00', '20:00:00', 0, 0, 0),
(1276, 7, 1, '2023-03-27', '08:00:00', '16:00:00', 0, 0, 0),
(1277, 8, 1, '2023-03-27', '08:00:00', '16:00:00', 0, 0, 0),
(1278, 9, 1, '2023-03-27', '08:00:00', '16:00:00', 0, 0, 0),
(1279, 17, 2, '2023-03-27', '09:00:00', '17:00:00', 0, 0, 0),
(1280, 18, 2, '2023-03-27', '09:00:00', '17:00:00', 0, 0, 0),
(1281, 19, 2, '2023-03-27', '09:00:00', '17:00:00', 0, 0, 0),
(1282, 22, 3, '2023-03-27', '10:00:00', '18:00:00', 0, 0, 0),
(1283, 23, 3, '2023-03-27', '10:00:00', '18:00:00', 0, 0, 0),
(1284, 24, 3, '2023-03-27', '10:00:00', '18:00:00', 0, 0, 0),
(1285, 27, 4, '2023-03-27', '11:00:00', '19:00:00', 0, 0, 0),
(1286, 28, 4, '2023-03-27', '11:00:00', '19:00:00', 0, 0, 0),
(1287, 29, 4, '2023-03-27', '11:00:00', '19:00:00', 0, 0, 0),
(1288, 10, 1, '2023-03-27', '12:00:00', '20:00:00', 0, 0, 0),
(1289, 11, 1, '2023-03-27', '12:00:00', '20:00:00', 0, 0, 0),
(1290, 12, 1, '2023-03-27', '12:00:00', '20:00:00', 0, 0, 0),
(1291, 13, 1, '2023-03-28', '08:00:00', '16:00:00', 0, 0, 0),
(1292, 14, 1, '2023-03-28', '08:00:00', '16:00:00', 0, 0, 0),
(1293, 15, 1, '2023-03-28', '08:00:00', '16:00:00', 0, 0, 0),
(1294, 20, 2, '2023-03-28', '09:00:00', '17:00:00', 0, 0, 0),
(1295, 21, 2, '2023-03-28', '09:00:00', '17:00:00', 0, 0, 0),
(1296, 17, 2, '2023-03-28', '09:00:00', '17:00:00', 0, 0, 0),
(1297, 25, 3, '2023-03-28', '10:00:00', '18:00:00', 0, 0, 0),
(1298, 26, 3, '2023-03-28', '10:00:00', '18:00:00', 0, 0, 0),
(1299, 22, 3, '2023-03-28', '10:00:00', '18:00:00', 0, 0, 0),
(1300, 30, 4, '2023-03-28', '11:00:00', '19:00:00', 0, 0, 0),
(1301, 31, 4, '2023-03-28', '11:00:00', '19:00:00', 0, 0, 0),
(1302, 27, 4, '2023-03-28', '11:00:00', '19:00:00', 0, 0, 0),
(1303, 16, 1, '2023-03-28', '12:00:00', '20:00:00', 0, 0, 0),
(1304, 7, 1, '2023-03-28', '12:00:00', '20:00:00', 0, 0, 0),
(1305, 8, 1, '2023-03-28', '12:00:00', '20:00:00', 0, 0, 0),
(1306, 9, 1, '2023-03-29', '08:00:00', '16:00:00', 0, 0, 0),
(1307, 10, 1, '2023-03-29', '08:00:00', '16:00:00', 0, 0, 0),
(1308, 11, 1, '2023-03-29', '08:00:00', '16:00:00', 0, 0, 0),
(1309, 18, 2, '2023-03-29', '09:00:00', '17:00:00', 0, 0, 0),
(1310, 19, 2, '2023-03-29', '09:00:00', '17:00:00', 0, 0, 0),
(1311, 20, 2, '2023-03-29', '09:00:00', '17:00:00', 0, 0, 0),
(1312, 23, 3, '2023-03-29', '10:00:00', '18:00:00', 0, 0, 0),
(1313, 24, 3, '2023-03-29', '10:00:00', '18:00:00', 0, 0, 0),
(1314, 25, 3, '2023-03-29', '10:00:00', '18:00:00', 0, 0, 0),
(1315, 28, 4, '2023-03-29', '11:00:00', '19:00:00', 0, 0, 0),
(1316, 29, 4, '2023-03-29', '11:00:00', '19:00:00', 0, 0, 0),
(1317, 30, 4, '2023-03-29', '11:00:00', '19:00:00', 0, 0, 0),
(1318, 12, 1, '2023-03-29', '12:00:00', '20:00:00', 0, 0, 0),
(1319, 13, 1, '2023-03-29', '12:00:00', '20:00:00', 0, 0, 0),
(1320, 14, 1, '2023-03-29', '12:00:00', '20:00:00', 0, 0, 0),
(1321, 15, 1, '2023-03-30', '08:00:00', '16:00:00', 0, 0, 0),
(1322, 16, 1, '2023-03-30', '08:00:00', '16:00:00', 0, 0, 0),
(1323, 7, 1, '2023-03-30', '08:00:00', '16:00:00', 0, 0, 0),
(1324, 21, 2, '2023-03-30', '09:00:00', '17:00:00', 0, 0, 0),
(1325, 17, 2, '2023-03-30', '09:00:00', '17:00:00', 0, 0, 0),
(1326, 18, 2, '2023-03-30', '09:00:00', '17:00:00', 0, 0, 0),
(1327, 26, 3, '2023-03-30', '10:00:00', '18:00:00', 0, 0, 0),
(1328, 22, 3, '2023-03-30', '10:00:00', '18:00:00', 0, 0, 0),
(1329, 23, 3, '2023-03-30', '10:00:00', '18:00:00', 0, 0, 0),
(1330, 31, 4, '2023-03-30', '11:00:00', '19:00:00', 0, 0, 0),
(1331, 27, 4, '2023-03-30', '11:00:00', '19:00:00', 0, 0, 0),
(1332, 28, 4, '2023-03-30', '11:00:00', '19:00:00', 0, 0, 0),
(1333, 8, 1, '2023-03-30', '12:00:00', '20:00:00', 0, 0, 0),
(1334, 9, 1, '2023-03-30', '12:00:00', '20:00:00', 0, 0, 0),
(1335, 10, 1, '2023-03-30', '12:00:00', '20:00:00', 0, 0, 0),
(1336, 11, 1, '2023-03-31', '08:00:00', '16:00:00', 0, 0, 0),
(1337, 12, 1, '2023-03-31', '08:00:00', '16:00:00', 0, 0, 0),
(1338, 13, 1, '2023-03-31', '08:00:00', '16:00:00', 0, 0, 0),
(1339, 19, 2, '2023-03-31', '09:00:00', '17:00:00', 0, 0, 0),
(1340, 20, 2, '2023-03-31', '09:00:00', '17:00:00', 0, 0, 0),
(1341, 21, 2, '2023-03-31', '09:00:00', '17:00:00', 0, 0, 0),
(1342, 24, 3, '2023-03-31', '10:00:00', '18:00:00', 0, 0, 0),
(1343, 25, 3, '2023-03-31', '10:00:00', '18:00:00', 0, 0, 0),
(1344, 26, 3, '2023-03-31', '10:00:00', '18:00:00', 0, 0, 0),
(1345, 29, 4, '2023-03-31', '11:00:00', '19:00:00', 0, 0, 0),
(1346, 30, 4, '2023-03-31', '11:00:00', '19:00:00', 0, 0, 0),
(1347, 31, 4, '2023-03-31', '11:00:00', '19:00:00', 0, 0, 0),
(1348, 14, 1, '2023-03-31', '12:00:00', '20:00:00', 0, 0, 0),
(1349, 15, 1, '2023-03-31', '12:00:00', '20:00:00', 0, 0, 0),
(1350, 16, 1, '2023-03-31', '12:00:00', '20:00:00', 0, 0, 0);

-- --------------------------------------------------------

--
-- Struttura della tabella `turno_ritardo`
--

CREATE TABLE `turno_ritardo` (
  `ref_turno` int(11) NOT NULL,
  `motivazione` varchar(100) NOT NULL
) ENGINE=InnoDB DEFAULT CHARSET=utf8mb4 COLLATE=utf8mb4_general_ci;

-- --------------------------------------------------------

--
-- Struttura della tabella `utente`
--

CREATE TABLE `utente` (
  `matricola` int(11) NOT NULL,
  `cf` varchar(16) NOT NULL,
  `nome` varchar(75) NOT NULL,
  `cognome` varchar(75) NOT NULL,
  `sesso` varchar(1) DEFAULT NULL,
  `email` varchar(75) NOT NULL,
  `passw` varchar(30) NOT NULL,
  `iban` varchar(30) NOT NULL,
  `telefono` varchar(30) NOT NULL,
  `via` varchar(20) DEFAULT NULL,
  `n_civ` varchar(6) DEFAULT NULL,
  `cap` varchar(6) DEFAULT NULL,
  `isAdmin` tinyint(1) NOT NULL,
  `isDDL` tinyint(1) NOT NULL,
  `ruolo` int(11) NOT NULL,
  `newAssunzione` tinyint(1) NOT NULL,
  `isLicenziato` tinyint(1) NOT NULL,
  `dataAssunzione` date DEFAULT NULL,
  `dataLicenziamento` date DEFAULT NULL
) ENGINE=InnoDB DEFAULT CHARSET=utf8mb4 COLLATE=utf8mb4_general_ci;

--
-- Dump dei dati per la tabella `utente`
--

INSERT INTO `utente` (`matricola`, `cf`, `nome`, `cognome`, `sesso`, `email`, `passw`, `iban`, `telefono`, `via`, `n_civ`, `cap`, `isAdmin`, `isDDL`, `ruolo`, `newAssunzione`, `isLicenziato`, `dataAssunzione`, `dataLicenziamento`) VALUES
(6, 'GBRL02', 'Gabriele', 'Costa', 'M', 'gabrielenicolocosta.90@gmail.com', '123456', 'IT001E1234', '+39123456', 'Roma', '100', '90100', 1, 1, 0, 0, 0, NULL, NULL),
(7, 'MRCBNC1', 'Marco', 'Bianchi', 'M', 'marcobianchi1@gmail.com', '123456', 'IT001E1234', '+39123456', 'Roma', '100', '90100', 1, 0, 1, 0, 0, NULL, NULL),
(8, 'MRCBNC2', 'Marco', 'Bianchi', 'M', 'marcobianchi2@gmail.com', '123456', 'IT001E1234', '+39123456', 'Roma', '100', '90100', 1, 0, 1, 0, 0, NULL, NULL),
(9, 'MRCBNC3', 'Marco', 'Bianchi', 'M', 'marcobianchi3@gmail.com', '123456', 'IT001E1234', '+39123456', 'Roma', '100', '90100', 1, 0, 1, 0, 0, NULL, NULL),
(10, 'MRCBNC4', 'Marco', 'Bianchi', 'M', 'marcobianchi4@gmail.com', '123456', 'IT001E1234', '+39123456', 'Roma', '100', '90100', 1, 0, 1, 0, 0, NULL, NULL),
(11, 'MRCBNC5', 'Marco', 'Bianchi', 'M', 'marcobianchi5@gmail.com', '123456', 'IT001E1234', '+39123456', 'Roma', '100', '90100', 1, 0, 1, 0, 0, NULL, NULL),
(12, 'MRCBNC6', 'Marco', 'Bianchi', 'M', 'marcobianchi6@gmail.com', '123456', 'IT001E1234', '+39123456', 'Roma', '100', '90100', 0, 0, 1, 0, 0, NULL, NULL),
(13, 'MRCBNC7', 'Marco', 'Bianchi', 'M', 'marcobianchi7@gmail.com', '123456', 'IT001E1234', '+39123456', 'Roma', '100', '90100', 0, 0, 1, 0, 0, NULL, NULL),
(14, 'MRCBNC8', 'Marco', 'Bianchi', 'M', 'marcobianchi8@gmail.com', '123456', 'IT001E1234', '+39123456', 'Roma', '100', '90100', 0, 0, 1, 0, 0, NULL, NULL),
(15, 'MRCBNC9', 'Marco', 'Bianchi', 'M', 'bianchi1234@gmail.com', '123456', 'IT001E1234', '+39123456', 'Palermo', '100', '90121', 0, 0, 1, 0, 0, NULL, NULL),
(16, 'MRCBNC10', 'Marco', 'Bianchi', 'M', 'marcobianchi10@gmail.com', '123456', 'IT001E1234', '+39123456', 'Roma', '100', '90100', 0, 0, 1, 0, 0, NULL, NULL),
(17, 'MRRRSS1', 'Mario', 'Rossi', 'M', 'mariorossi1@gmail.com', '123456', 'IT001E1234', '+39123456', 'Roma', '100', '90100', 0, 0, 2, 0, 0, NULL, NULL),
(18, 'MRRRSS2', 'Mario', 'Rossi', 'M', 'mariorossi2@gmail.com', '123456', 'IT001E1234', '+39123456', 'Roma', '100', '90100', 0, 0, 2, 0, 0, NULL, NULL),
(19, 'MRRRSS3', 'Mario', 'Rossi', 'M', 'mariorossi3@gmail.com', '123456', 'IT001E1234', '+39123456', 'Roma', '100', '90100', 0, 0, 2, 0, 0, NULL, NULL),
(20, 'MRRRSS4', 'Mario', 'Rossi', 'M', 'mariorossi4@gmail.com', '123456', 'IT001E1234', '+39123456', 'Roma', '100', '90100', 0, 0, 2, 0, 0, NULL, NULL),
(21, 'MRRRSS5', 'Mario', 'Rossi', 'M', 'mariorossi5@gmail.com', '123456', 'IT001E1234', '+39123456', 'Roma', '100', '90100', 0, 0, 2, 0, 0, NULL, NULL),
(22, 'CRLNRR1', 'Carlo', 'Neri', 'M', 'carloneri1@gmail.com', '123456', 'IT001E1234', '+39123456', 'Roma', '100', '90100', 0, 0, 3, 0, 0, NULL, NULL),
(23, 'CRLNRR2', 'Carlo', 'Neri', 'M', 'carloneri2@gmail.com', '123456', 'IT001E1234', '+39123456', 'Roma', '100', '90100', 0, 0, 3, 0, 0, NULL, NULL),
(24, 'CRLNRR3', 'Carlo', 'Neri', 'M', 'carloneri3@gmail.com', '123456', 'IT001E1234', '+39123456', 'Roma', '100', '90100', 0, 0, 3, 0, 0, NULL, NULL),
(25, 'CRLNRR4', 'Carlo', 'Neri', 'M', 'carloneri4@gmail.com', '123456', 'IT001E1234', '+39123456', 'Roma', '100', '90100', 0, 0, 3, 0, 0, NULL, NULL),
(26, 'CRLNRR5', 'Carlo', 'Neri', 'M', 'carloneri5@gmail.com', '123456', 'IT001E1234', '+39123456', 'Roma', '100', '90100', 0, 0, 3, 0, 0, NULL, NULL),
(27, 'GSPVRD1', 'Giuseppe', 'Verdi', 'M', 'giuseppeverdi1@gmail.com', '123456', 'IT001E1234', '+39123456', 'Roma', '100', '90100', 0, 0, 4, 0, 0, NULL, NULL),
(28, 'GSPVRD2', 'Giuseppe', 'Verdi', 'M', 'giuseppeverdi2@gmail.com', '123456', 'IT001E1234', '+39123456', 'Roma', '100', '90100', 0, 0, 4, 0, 0, NULL, NULL),
(29, 'GSPVRD3', 'Giuseppe', 'Verdi', 'M', 'giuseppeverdi3@gmail.com', '123456', 'IT001E1234', '+39123456', 'Roma', '100', '90100', 0, 0, 4, 0, 0, NULL, NULL),
(30, 'GSPVRD4', 'Giuseppe', 'Verdi', 'M', 'giuseppeverdi4@gmail.com', '123456', 'IT001E1234', '+39123456', 'Roma', '100', '90100', 0, 0, 4, 0, 0, NULL, NULL),
(31, 'GSPVRD5', 'Giuseppe', 'Verdi', 'M', 'giuseppeverdi5@gmail.com', '123456', 'IT001E1234', '+39123456', 'Roma', '100', '90100', 0, 0, 4, 0, 0, NULL, NULL);

-- --------------------------------------------------------

--
-- Struttura della tabella `utente_notifica`
--

CREATE TABLE `utente_notifica` (
  `id_utente_notifica` int(11) NOT NULL,
  `ref_notifica` int(11) NOT NULL,
  `ref_impiegato` int(11) NOT NULL,
  `dataNotifica` date DEFAULT NULL,
  `descrizione` varchar(100) NOT NULL
) ENGINE=InnoDB DEFAULT CHARSET=utf8mb4 COLLATE=utf8mb4_general_ci;

--
-- Dump dei dati per la tabella `utente_notifica`
--

INSERT INTO `utente_notifica` (`id_utente_notifica`, `ref_notifica`, `ref_impiegato`, `dataNotifica`, `descrizione`) VALUES
(1, 5, 11, '2022-12-29', 'Sostituzione turno 49 della data 2023-01-04 .'),
(2, 5, 10, '2022-12-29', 'Sostituzione turno 20 della data 2023-01-02 .'),
(3, 6, 6, '2023-01-01', 'calcolo salario effettuato. Attendere il 26 del mese corrente per accreditare'),
(4, 6, 6, '2023-01-01', 'calcolo salario effettuato. Attendere il 26 del mese corrente per accreditare'),
(5, 6, 6, '2023-01-01', 'calcolo salario effettuato. Attendere il 26 del mese corrente per accreditare'),
(6, 6, 6, '2023-01-01', 'calcolo salario effettuato. Attendere il 26 del mese corrente per accreditare'),
(7, 6, 6, '2023-01-01', 'calcolo salario effettuato. Attendere il 26 del mese corrente per accreditare'),
(8, 6, 6, '2023-01-01', 'calcolo salario effettuato. Attendere il 26 del mese corrente per accreditare');

--
-- Indici per le tabelle scaricate
--

--
-- Indici per le tabelle `bustapaga`
--
ALTER TABLE `bustapaga`
  ADD PRIMARY KEY (`ref_impiegato`,`mese_competenza`,`anno_competenza`);

--
-- Indici per le tabelle `indisponibilita`
--
ALTER TABLE `indisponibilita`
  ADD PRIMARY KEY (`ref_imp`,`dataIndisp`);

--
-- Indici per le tabelle `notifica`
--
ALTER TABLE `notifica`
  ADD PRIMARY KEY (`id_notifica`);

--
-- Indici per le tabelle `richiesta`
--
ALTER TABLE `richiesta`
  ADD PRIMARY KEY (`id_richiesta`),
  ADD KEY `ref_impiegato` (`ref_impiegato`);

--
-- Indici per le tabelle `servizio`
--
ALTER TABLE `servizio`
  ADD PRIMARY KEY (`id_servizio`);

--
-- Indici per le tabelle `turno`
--
ALTER TABLE `turno`
  ADD PRIMARY KEY (`id_turno`),
  ADD KEY `ref_servizio` (`ref_servizio`),
  ADD KEY `ref_impiegato` (`ref_impiegato`);

--
-- Indici per le tabelle `turno_ritardo`
--
ALTER TABLE `turno_ritardo`
  ADD PRIMARY KEY (`ref_turno`);

--
-- Indici per le tabelle `utente`
--
ALTER TABLE `utente`
  ADD PRIMARY KEY (`matricola`),
  ADD UNIQUE KEY `cf` (`cf`),
  ADD UNIQUE KEY `email` (`email`);

--
-- Indici per le tabelle `utente_notifica`
--
ALTER TABLE `utente_notifica`
  ADD PRIMARY KEY (`id_utente_notifica`,`ref_notifica`,`ref_impiegato`),
  ADD KEY `ref_notifica` (`ref_notifica`),
  ADD KEY `ref_impiegato` (`ref_impiegato`);

--
-- AUTO_INCREMENT per le tabelle scaricate
--

--
-- AUTO_INCREMENT per la tabella `richiesta`
--
ALTER TABLE `richiesta`
  MODIFY `id_richiesta` int(11) NOT NULL AUTO_INCREMENT, AUTO_INCREMENT=16;

--
-- AUTO_INCREMENT per la tabella `turno`
--
ALTER TABLE `turno`
  MODIFY `id_turno` int(11) NOT NULL AUTO_INCREMENT, AUTO_INCREMENT=1351;

--
-- AUTO_INCREMENT per la tabella `utente`
--
ALTER TABLE `utente`
  MODIFY `matricola` int(11) NOT NULL AUTO_INCREMENT, AUTO_INCREMENT=32;

--
-- AUTO_INCREMENT per la tabella `utente_notifica`
--
ALTER TABLE `utente_notifica`
  MODIFY `id_utente_notifica` int(11) NOT NULL AUTO_INCREMENT, AUTO_INCREMENT=20;

--
-- Limiti per le tabelle scaricate
--

--
-- Limiti per la tabella `bustapaga`
--
ALTER TABLE `bustapaga`
  ADD CONSTRAINT `bustapaga_ibfk_1` FOREIGN KEY (`ref_impiegato`) REFERENCES `utente` (`matricola`);

--
-- Limiti per la tabella `indisponibilita`
--
ALTER TABLE `indisponibilita`
  ADD CONSTRAINT `indisponibilita_ibfk_1` FOREIGN KEY (`ref_imp`) REFERENCES `utente` (`matricola`);

--
-- Limiti per la tabella `richiesta`
--
ALTER TABLE `richiesta`
  ADD CONSTRAINT `richiesta_ibfk_1` FOREIGN KEY (`ref_impiegato`) REFERENCES `utente` (`matricola`);

--
-- Limiti per la tabella `turno`
--
ALTER TABLE `turno`
  ADD CONSTRAINT `turno_ibfk_1` FOREIGN KEY (`ref_servizio`) REFERENCES `servizio` (`id_servizio`),
  ADD CONSTRAINT `turno_ibfk_2` FOREIGN KEY (`ref_impiegato`) REFERENCES `utente` (`matricola`);

--
-- Limiti per la tabella `turno_ritardo`
--
ALTER TABLE `turno_ritardo`
  ADD CONSTRAINT `turno_ritardo_ibfk_1` FOREIGN KEY (`ref_turno`) REFERENCES `turno` (`id_turno`);

--
-- Limiti per la tabella `utente_notifica`
--
ALTER TABLE `utente_notifica`
  ADD CONSTRAINT `utente_notifica_ibfk_1` FOREIGN KEY (`ref_notifica`) REFERENCES `notifica` (`id_notifica`),
  ADD CONSTRAINT `utente_notifica_ibfk_2` FOREIGN KEY (`ref_impiegato`) REFERENCES `utente` (`matricola`);
COMMIT;

/*!40101 SET CHARACTER_SET_CLIENT=@OLD_CHARACTER_SET_CLIENT */;
/*!40101 SET CHARACTER_SET_RESULTS=@OLD_CHARACTER_SET_RESULTS */;
/*!40101 SET COLLATION_CONNECTION=@OLD_COLLATION_CONNECTION */;
